filename,original_filename,degradation_type,width,height,blur_score,brightness,contrast,quality_issues,quality_status
0000000_00098_d_0000001_blur.jpg,0000000_00098_d_0000001.jpg,blur,1360,765,10.14,81.02,50.0,blurry,not_usable
0000000_00098_d_0000001_bright.jpg,0000000_00098_d_0000001.jpg,bright,1360,765,281.41,123.9,59.27,none,usable
0000000_00098_d_0000001_dark.jpg,0000000_00098_d_0000001.jpg,dark,1360,765,86.44,41.33,33.77,"blurry, underexposed, low_contrast",not_usable
0000000_00098_d_0000001_lowcontrast.jpg,0000000_00098_d_0000001.jpg,lowcontrast,1360,765,74.1,80.15,30.77,"blurry, low_contrast",not_usable
0000000_00098_d_0000001_noise.jpg,0000000_00098_d_0000001.jpg,noise,1360,765,561.79,81.01,51.9,none,usable
0000000_00098_d_0000001_original.jpg,0000000_00098_d_0000001.jpg,original,1360,765,202.64,81.02,51.74,none,usable
0000000_01013_d_0000003_blur.jpg,0000000_01013_d_0000003.jpg,blur,1360,765,3.4,86.88,50.14,blurry,not_usable
0000000_01013_d_0000003_bright.jpg,0000000_01013_d_0000003.jpg,bright,1360,765,1553.3,152.34,59.59,none,usable
0000000_01013_d_0000003_dark.jpg,0000000_01013_d_0000003.jpg,dark,1360,765,488.05,40.08,35.18,underexposed,not_usable
0000000_01013_d_0000003_lowcontrast.jpg,0000000_01013_d_0000003.jpg,lowcontrast,1360,765,395.6,85.91,29.79,low_contrast,not_usable
0000000_01013_d_0000003_noise.jpg,0000000_01013_d_0000003.jpg,noise,1360,765,1867.77,86.89,55.26,none,usable
0000000_01013_d_0000003_original.jpg,0000000_01013_d_0000003.jpg,original,1360,765,1235.13,86.89,55.01,none,usable
0000000_01619_d_0000004_blur.jpg,0000000_01619_d_0000004.jpg,blur,1360,765,3.51,95.29,50.09,blurry,not_usable
0000000_01619_d_0000004_bright.jpg,0000000_01619_d_0000004.jpg,bright,1360,765,2218.43,151.0,70.05,none,usable
0000000_01619_d_0000004_dark.jpg,0000000_01619_d_0000004.jpg,dark,1360,765,611.59,55.22,38.88,underexposed,not_usable
0000000_01619_d_0000004_lowcontrast.jpg,0000000_01619_d_0000004.jpg,lowcontrast,1360,765,456.77,94.45,33.32,low_contrast,not_usable
0000000_01619_d_0000004_noise.jpg,0000000_01619_d_0000004.jpg,noise,1360,765,1738.26,95.28,55.4,none,usable
0000000_01619_d_0000004_original.jpg,0000000_01619_d_0000004.jpg,original,1360,765,1249.4,95.29,55.2,none,usable
0000000_02021_d_0000005_blur.jpg,0000000_02021_d_0000005.jpg,blur,1360,765,3.75,138.34,49.97,blurry,not_usable
0000000_02021_d_0000005_bright.jpg,0000000_02021_d_0000005.jpg,bright,1360,765,1756.37,212.47,41.87,overexposed,not_usable
0000000_02021_d_0000005_dark.jpg,0000000_02021_d_0000005.jpg,dark,1360,765,1105.46,85.67,41.36,none,usable
0000000_02021_d_0000005_lowcontrast.jpg,0000000_02021_d_0000005.jpg,lowcontrast,1360,765,341.3,137.97,24.41,low_contrast,not_usable
0000000_02021_d_0000005_noise.jpg,0000000_02021_d_0000005.jpg,noise,1360,765,2292.27,138.31,56.31,none,usable
0000000_02021_d_0000005_original.jpg,0000000_02021_d_0000005.jpg,original,1360,765,1942.45,138.34,56.2,none,usable
0000000_02309_d_0000006_blur.jpg,0000000_02309_d_0000006.jpg,blur,1360,765,4.15,108.88,47.67,blurry,not_usable
0000000_02309_d_0000006_bright.jpg,0000000_02309_d_0000006.jpg,bright,1360,765,1387.2,201.14,52.18,overexposed,not_usable
0000000_02309_d_0000006_dark.jpg,0000000_02309_d_0000006.jpg,dark,1360,765,555.87,64.41,36.45,none,usable
0000000_02309_d_0000006_lowcontrast.jpg,0000000_02309_d_0000006.jpg,lowcontrast,1360,765,153.22,107.98,17.23,low_contrast,not_usable
0000000_02309_d_0000006_noise.jpg,0000000_02309_d_0000006.jpg,noise,1360,765,2603.37,108.87,54.66,none,usable
0000000_02309_d_0000006_original.jpg,0000000_02309_d_0000006.jpg,original,1360,765,1275.37,108.88,54.14,none,usable
0000000_02652_d_0000007_blur.jpg,0000000_02652_d_0000007.jpg,blur,1360,765,16.3,86.31,48.04,blurry,not_usable
0000000_02652_d_0000007_bright.jpg,0000000_02652_d_0000007.jpg,bright,1360,765,1541.93,134.4,55.43,none,usable
0000000_02652_d_0000007_dark.jpg,0000000_02652_d_0000007.jpg,dark,1360,765,1029.36,69.1,46.23,none,usable
0000000_02652_d_0000007_lowcontrast.jpg,0000000_02652_d_0000007.jpg,lowcontrast,1360,765,503.06,85.42,32.72,low_contrast,not_usable
0000000_02652_d_0000007_noise.jpg,0000000_02652_d_0000007.jpg,noise,1360,765,2246.08,86.31,52.15,none,usable
0000000_02652_d_0000007_original.jpg,0000000_02652_d_0000007.jpg,original,1360,765,1303.14,86.31,51.78,none,usable
0000000_03019_d_0000008_blur.jpg,0000000_03019_d_0000008.jpg,blur,1360,765,5.58,81.64,42.89,blurry,not_usable
0000000_03019_d_0000008_bright.jpg,0000000_03019_d_0000008.jpg,bright,1360,765,1199.56,176.27,55.02,none,usable
0000000_03019_d_0000008_dark.jpg,0000000_03019_d_0000008.jpg,dark,1360,765,551.16,48.97,37.73,underexposed,not_usable
0000000_03019_d_0000008_lowcontrast.jpg,0000000_03019_d_0000008.jpg,lowcontrast,1360,765,144.37,79.72,19.34,low_contrast,not_usable
0000000_03019_d_0000008_noise.jpg,0000000_03019_d_0000008.jpg,noise,1360,765,1207.31,81.64,46.63,none,usable
0000000_03019_d_0000008_original.jpg,0000000_03019_d_0000008.jpg,original,1360,765,851.28,81.64,46.45,none,usable
0000005_00509_d_0000002_blur.jpg,0000005_00509_d_0000002.jpg,blur,960,540,6.38,107.65,48.5,blurry,not_usable
0000005_00509_d_0000002_bright.jpg,0000005_00509_d_0000002.jpg,bright,960,540,2407.88,184.66,55.82,none,usable
0000005_00509_d_0000002_dark.jpg,0000005_00509_d_0000002.jpg,dark,960,540,1389.81,85.3,45.62,none,usable
0000005_00509_d_0000002_lowcontrast.jpg,0000005_00509_d_0000002.jpg,lowcontrast,960,540,737.61,107.68,33.39,low_contrast,not_usable
0000005_00509_d_0000002_noise.jpg,0000005_00509_d_0000002.jpg,noise,960,540,2430.14,107.65,52.91,none,usable
0000005_00509_d_0000002_original.jpg,0000005_00509_d_0000002.jpg,original,960,540,1934.16,107.65,52.7,none,usable
0000009_00009_d_0000001_blur.jpg,0000009_00009_d_0000001.jpg,blur,1360,765,2.88,139.14,29.77,"blurry, low_contrast",not_usable
0000009_00009_d_0000001_bright.jpg,0000009_00009_d_0000001.jpg,bright,1360,765,701.36,236.42,28.46,"overexposed, low_contrast",not_usable
0000009_00009_d_0000001_dark.jpg,0000009_00009_d_0000001.jpg,dark,1360,765,360.83,90.72,25.07,low_contrast,not_usable
0000009_00009_d_0000001_lowcontrast.jpg,0000009_00009_d_0000001.jpg,lowcontrast,1360,765,213.69,138.86,19.01,low_contrast,not_usable
0000009_00009_d_0000001_noise.jpg,0000009_00009_d_0000001.jpg,noise,1360,765,1128.89,139.13,34.26,low_contrast,not_usable
0000009_00009_d_0000001_original.jpg,0000009_00009_d_0000001.jpg,original,1360,765,635.05,139.14,33.92,low_contrast,not_usable
0000009_00811_d_0000003_blur.jpg,0000009_00811_d_0000003.jpg,blur,1360,765,6.05,132.99,38.32,blurry,not_usable
0000009_00811_d_0000003_bright.jpg,0000009_00811_d_0000003.jpg,bright,1360,765,698.7,225.97,33.67,"overexposed, low_contrast",not_usable
0000009_00811_d_0000003_dark.jpg,0000009_00811_d_0000003.jpg,dark,1360,765,378.05,83.84,29.6,low_contrast,not_usable
0000009_00811_d_0000003_lowcontrast.jpg,0000009_00811_d_0000003.jpg,lowcontrast,1360,765,266.42,132.76,23.85,low_contrast,not_usable
0000009_00811_d_0000003_noise.jpg,0000009_00811_d_0000003.jpg,noise,1360,765,1438.99,132.98,43.2,none,usable
0000009_00811_d_0000003_original.jpg,0000009_00811_d_0000003.jpg,original,1360,765,804.78,133.0,42.87,none,usable
0000009_01339_d_0000005_blur.jpg,0000009_01339_d_0000005.jpg,blur,1360,765,5.58,134.36,40.71,blurry,not_usable
0000009_01339_d_0000005_bright.jpg,0000009_01339_d_0000005.jpg,bright,1360,765,1812.59,178.6,52.36,none,usable
0000009_01339_d_0000005_dark.jpg,0000009_01339_d_0000005.jpg,dark,1360,765,1067.57,96.63,42.12,none,usable
0000009_01339_d_0000005_lowcontrast.jpg,0000009_01339_d_0000005.jpg,lowcontrast,1360,765,563.67,134.32,30.5,low_contrast,not_usable
0000009_01339_d_0000005_noise.jpg,0000009_01339_d_0000005.jpg,noise,1360,765,2611.98,134.31,49.52,none,usable
0000009_01339_d_0000005_original.jpg,0000009_01339_d_0000005.jpg,original,1360,765,1488.05,134.35,49.04,none,usable
0000009_01723_d_0000006_blur.jpg,0000009_01723_d_0000006.jpg,blur,1360,765,5.54,126.36,42.78,blurry,not_usable
0000009_01723_d_0000006_bright.jpg,0000009_01723_d_0000006.jpg,bright,1360,765,1208.27,196.5,50.56,none,usable
0000009_01723_d_0000006_dark.jpg,0000009_01723_d_0000006.jpg,dark,1360,765,463.78,74.23,32.12,low_contrast,not_usable
0000009_01723_d_0000006_lowcontrast.jpg,0000009_01723_d_0000006.jpg,lowcontrast,1360,765,211.79,126.37,22.11,low_contrast,not_usable
0000009_01723_d_0000006_noise.jpg,0000009_01723_d_0000006.jpg,noise,1360,765,2420.98,126.32,48.84,none,usable
0000009_01723_d_0000006_original.jpg,0000009_01723_d_0000006.jpg,original,1360,765,1093.3,126.36,48.26,none,usable
0000009_01947_d_0000007_blur.jpg,0000009_01947_d_0000007.jpg,blur,1360,765,12.98,127.54,49.17,blurry,not_usable
0000009_01947_d_0000007_bright.jpg,0000009_01947_d_0000007.jpg,bright,1360,765,2273.24,209.88,49.37,overexposed,not_usable
0000009_01947_d_0000007_dark.jpg,0000009_01947_d_0000007.jpg,dark,1360,765,965.19,78.36,38.84,none,usable
0000009_01947_d_0000007_lowcontrast.jpg,0000009_01947_d_0000007.jpg,lowcontrast,1360,765,301.24,127.26,22.01,low_contrast,not_usable
0000009_01947_d_0000007_noise.jpg,0000009_01947_d_0000007.jpg,noise,1360,765,2955.76,127.52,54.67,none,usable
0000009_01947_d_0000007_original.jpg,0000009_01947_d_0000007.jpg,original,1360,765,1833.58,127.53,54.24,none,usable
0000009_03179_d_0000010_blur.jpg,0000009_03179_d_0000010.jpg,blur,1360,765,3.11,126.39,43.4,blurry,not_usable
0000009_03179_d_0000010_bright.jpg,0000009_03179_d_0000010.jpg,bright,1360,765,1493.25,186.82,58.07,none,usable
0000009_03179_d_0000010_dark.jpg,0000009_03179_d_0000010.jpg,dark,1360,765,550.93,77.63,35.47,none,usable
0000009_03179_d_0000010_lowcontrast.jpg,0000009_03179_d_0000010.jpg,lowcontrast,1360,765,366.18,125.36,29.0,low_contrast,not_usable
0000009_03179_d_0000010_noise.jpg,0000009_03179_d_0000010.jpg,noise,1360,765,1357.53,126.39,48.32,none,usable
0000009_03179_d_0000010_original.jpg,0000009_03179_d_0000010.jpg,original,1360,765,1003.57,126.39,48.15,none,usable
0000009_03611_d_0000011_blur.jpg,0000009_03611_d_0000011.jpg,blur,1360,765,6.29,137.11,35.06,blurry,not_usable
0000009_03611_d_0000011_bright.jpg,0000009_03611_d_0000011.jpg,bright,1360,765,960.71,219.65,42.54,overexposed,not_usable
0000009_03611_d_0000011_dark.jpg,0000009_03611_d_0000011.jpg,dark,1360,765,484.19,103.59,30.77,low_contrast,not_usable
0000009_03611_d_0000011_lowcontrast.jpg,0000009_03611_d_0000011.jpg,lowcontrast,1360,765,140.35,135.96,17.29,low_contrast,not_usable
0000009_03611_d_0000011_noise.jpg,0000009_03611_d_0000011.jpg,noise,1360,765,2074.56,137.07,38.95,none,usable
0000009_03611_d_0000011_original.jpg,0000009_03611_d_0000011.jpg,original,1360,765,744.35,137.11,38.16,none,usable
0000009_03907_d_0000012_blur.jpg,0000009_03907_d_0000012.jpg,blur,1360,765,3.64,145.93,34.54,"blurry, low_contrast",not_usable
0000009_03907_d_0000012_bright.jpg,0000009_03907_d_0000012.jpg,bright,1360,765,918.27,217.63,39.3,overexposed,not_usable
0000009_03907_d_0000012_dark.jpg,0000009_03907_d_0000012.jpg,dark,1360,765,508.62,110.24,34.35,low_contrast,not_usable
0000009_03907_d_0000012_lowcontrast.jpg,0000009_03907_d_0000012.jpg,lowcontrast,1360,765,220.61,145.17,22.06,low_contrast,not_usable
0000009_03907_d_0000012_noise.jpg,0000009_03907_d_0000012.jpg,noise,1360,765,1433.78,145.91,38.95,none,usable
0000009_03907_d_0000012_original.jpg,0000009_03907_d_0000012.jpg,original,1360,765,639.43,145.93,38.49,none,usable
0000009_04379_d_0000013_blur.jpg,0000009_04379_d_0000013.jpg,blur,1360,765,3.22,147.65,68.1,blurry,not_usable
0000009_04379_d_0000013_bright.jpg,0000009_04379_d_0000013.jpg,bright,1360,765,1220.84,178.16,65.62,none,usable
0000009_04379_d_0000013_dark.jpg,0000009_04379_d_0000013.jpg,dark,1360,765,411.94,93.08,48.08,none,usable
0000009_04379_d_0000013_lowcontrast.jpg,0000009_04379_d_0000013.jpg,lowcontrast,1360,765,420.08,147.49,48.4,none,usable
0000009_04379_d_0000013_noise.jpg,0000009_04379_d_0000013.jpg,noise,1360,765,1674.54,147.53,71.09,none,usable
0000009_04379_d_0000013_original.jpg,0000009_04379_d_0000013.jpg,original,1360,765,918.1,147.66,71.0,none,usable
0000009_04763_d_0000014_blur.jpg,0000009_04763_d_0000014.jpg,blur,1360,765,6.01,145.72,56.61,blurry,not_usable
0000009_04763_d_0000014_bright.jpg,0000009_04763_d_0000014.jpg,bright,1360,765,1305.29,215.61,46.76,overexposed,not_usable
0000009_04763_d_0000014_dark.jpg,0000009_04763_d_0000014.jpg,dark,1360,765,488.21,96.24,45.48,none,usable
0000009_04763_d_0000014_lowcontrast.jpg,0000009_04763_d_0000014.jpg,lowcontrast,1360,765,312.41,145.17,37.28,none,usable
0000009_04763_d_0000014_noise.jpg,0000009_04763_d_0000014.jpg,noise,1360,765,1436.74,145.69,58.85,none,usable
0000009_04763_d_0000014_original.jpg,0000009_04763_d_0000014.jpg,original,1360,765,801.32,145.72,58.61,none,usable
0000025_00140_d_0000001_blur.jpg,0000025_00140_d_0000001.jpg,blur,1360,765,7.29,110.31,44.63,blurry,not_usable
0000025_00140_d_0000001_bright.jpg,0000025_00140_d_0000001.jpg,bright,1360,765,1169.51,201.66,47.01,overexposed,not_usable
0000025_00140_d_0000001_dark.jpg,0000025_00140_d_0000001.jpg,dark,1360,765,775.91,67.17,35.51,none,usable
0000025_00140_d_0000001_lowcontrast.jpg,0000025_00140_d_0000001.jpg,lowcontrast,1360,765,594.62,108.74,32.07,low_contrast,not_usable
0000025_00140_d_0000001_noise.jpg,0000025_00140_d_0000001.jpg,noise,1360,765,1634.91,110.31,48.06,none,usable
0000025_00140_d_0000001_original.jpg,0000025_00140_d_0000001.jpg,original,1360,765,1409.77,110.31,47.94,none,usable
0000025_01164_d_0000002_blur.jpg,0000025_01164_d_0000002.jpg,blur,1360,765,3.72,132.66,41.71,blurry,not_usable
0000025_01164_d_0000002_bright.jpg,0000025_01164_d_0000002.jpg,bright,1360,765,1086.51,233.05,32.07,"overexposed, low_contrast",not_usable
0000025_01164_d_0000002_dark.jpg,0000025_01164_d_0000002.jpg,dark,1360,765,1027.51,85.5,36.09,none,usable
0000025_01164_d_0000002_lowcontrast.jpg,0000025_01164_d_0000002.jpg,lowcontrast,1360,765,814.92,131.68,32.48,low_contrast,not_usable
0000025_01164_d_0000002_noise.jpg,0000025_01164_d_0000002.jpg,noise,1360,765,2483.59,132.65,47.17,none,usable
0000025_01164_d_0000002_original.jpg,0000025_01164_d_0000002.jpg,original,1360,765,1700.75,132.65,46.8,none,usable
0000025_02087_d_0000003_blur.jpg,0000025_02087_d_0000003.jpg,blur,1360,765,6.29,136.7,42.5,blurry,not_usable
0000025_02087_d_0000003_bright.jpg,0000025_02087_d_0000003.jpg,bright,1360,765,1690.86,200.15,44.3,overexposed,not_usable
0000025_02087_d_0000003_dark.jpg,0000025_02087_d_0000003.jpg,dark,1360,765,643.31,72.88,31.27,low_contrast,not_usable
0000025_02087_d_0000003_lowcontrast.jpg,0000025_02087_d_0000003.jpg,lowcontrast,1360,765,587.54,136.84,29.6,low_contrast,not_usable
0000025_02087_d_0000003_noise.jpg,0000025_02087_d_0000003.jpg,noise,1360,765,2039.73,136.7,47.47,none,usable
0000025_02087_d_0000003_original.jpg,0000025_02087_d_0000003.jpg,original,1360,765,1548.63,136.68,47.25,none,usable
0000025_02891_d_0000004_blur.jpg,0000025_02891_d_0000004.jpg,blur,1360,765,6.9,131.49,30.82,"blurry, low_contrast",not_usable
0000025_02891_d_0000004_bright.jpg,0000025_02891_d_0000004.jpg,bright,1360,765,1012.52,225.39,32.66,"overexposed, low_contrast",not_usable
0000025_02891_d_0000004_dark.jpg,0000025_02891_d_0000004.jpg,dark,1360,765,729.22,92.18,28.46,low_contrast,not_usable
0000025_02891_d_0000004_lowcontrast.jpg,0000025_02891_d_0000004.jpg,lowcontrast,1360,765,360.11,131.73,19.03,low_contrast,not_usable
0000025_02891_d_0000004_noise.jpg,0000025_02891_d_0000004.jpg,noise,1360,765,1751.81,131.48,35.37,none,usable
0000025_02891_d_0000004_original.jpg,0000025_02891_d_0000004.jpg,original,1360,765,1113.01,131.49,34.94,low_contrast,not_usable
0000025_03777_d_0000005_blur.jpg,0000025_03777_d_0000005.jpg,blur,1360,765,3.87,136.87,35.21,blurry,not_usable
0000025_03777_d_0000005_bright.jpg,0000025_03777_d_0000005.jpg,bright,1360,765,176.65,235.66,26.64,"overexposed, low_contrast",not_usable
0000025_03777_d_0000005_dark.jpg,0000025_03777_d_0000005.jpg,dark,1360,765,206.14,105.33,30.99,low_contrast,not_usable
0000025_03777_d_0000005_lowcontrast.jpg,0000025_03777_d_0000005.jpg,lowcontrast,1360,765,58.49,132.14,16.83,"blurry, low_contrast",not_usable
0000025_03777_d_0000005_noise.jpg,0000025_03777_d_0000005.jpg,noise,1360,765,1645.88,136.84,38.22,none,usable
0000025_03777_d_0000005_original.jpg,0000025_03777_d_0000005.jpg,original,1360,765,305.04,136.87,37.41,none,usable
0000028_00122_d_0000001_blur.jpg,0000028_00122_d_0000001.jpg,blur,960,540,9.38,59.64,31.76,"blurry, underexposed, low_contrast",not_usable
0000028_00122_d_0000001_bright.jpg,0000028_00122_d_0000001.jpg,bright,960,540,503.89,130.32,40.94,none,usable
0000028_00122_d_0000001_dark.jpg,0000028_00122_d_0000001.jpg,dark,960,540,174.52,28.7,19.23,"underexposed, low_contrast",not_usable
0000028_00122_d_0000001_lowcontrast.jpg,0000028_00122_d_0000001.jpg,lowcontrast,960,540,100.71,59.79,17.87,"underexposed, low_contrast",not_usable
0000028_00122_d_0000001_noise.jpg,0000028_00122_d_0000001.jpg,noise,960,540,955.89,59.82,34.36,"underexposed, low_contrast",not_usable
0000028_00122_d_0000001_original.jpg,0000028_00122_d_0000001.jpg,original,960,540,350.11,59.65,34.21,"underexposed, low_contrast",not_usable
0000053_00539_d_0000002_blur.jpg,0000053_00539_d_0000002.jpg,blur,960,540,10.9,29.18,24.52,"blurry, underexposed, low_contrast",not_usable
0000053_00539_d_0000002_bright.jpg,0000053_00539_d_0000002.jpg,bright,960,540,193.36,111.19,28.08,low_contrast,not_usable
0000053_00539_d_0000002_dark.jpg,0000053_00539_d_0000002.jpg,dark,960,540,76.26,10.7,14.28,"blurry, underexposed, low_contrast",not_usable
0000053_00539_d_0000002_lowcontrast.jpg,0000053_00539_d_0000002.jpg,lowcontrast,960,540,19.42,29.4,8.29,"blurry, underexposed, low_contrast",not_usable
0000053_00539_d_0000002_noise.jpg,0000053_00539_d_0000002.jpg,noise,960,540,1002.74,29.77,26.62,"underexposed, low_contrast",not_usable
0000053_00539_d_0000002_original.jpg,0000053_00539_d_0000002.jpg,original,960,540,171.21,29.2,26.44,"underexposed, low_contrast",not_usable
0000064_01771_d_0000003_blur.jpg,0000064_01771_d_0000003.jpg,blur,960,540,5.97,76.97,18.99,"blurry, low_contrast",not_usable
0000064_01771_d_0000003_bright.jpg,0000064_01771_d_0000003.jpg,bright,960,540,165.5,138.24,28.56,low_contrast,not_usable
0000064_01771_d_0000003_dark.jpg,0000064_01771_d_0000003.jpg,dark,960,540,55.18,47.98,16.14,"blurry, underexposed, low_contrast",not_usable
0000064_01771_d_0000003_lowcontrast.jpg,0000064_01771_d_0000003.jpg,lowcontrast,960,540,25.58,77.16,10.8,"blurry, low_contrast",not_usable
0000064_01771_d_0000003_noise.jpg,0000064_01771_d_0000003.jpg,noise,960,540,1421.55,76.98,22.36,low_contrast,not_usable
0000064_01771_d_0000003_original.jpg,0000064_01771_d_0000003.jpg,original,960,540,89.03,76.97,20.93,"blurry, low_contrast",not_usable
0000067_00249_d_0000001_blur.jpg,0000067_00249_d_0000001.jpg,blur,1360,765,3.63,141.88,39.02,blurry,not_usable
0000067_00249_d_0000001_bright.jpg,0000067_00249_d_0000001.jpg,bright,1360,765,58.48,192.45,46.94,blurry,not_usable
0000067_00249_d_0000001_dark.jpg,0000067_00249_d_0000001.jpg,dark,1360,765,33.06,113.07,34.23,"blurry, low_contrast",not_usable
0000067_00249_d_0000001_lowcontrast.jpg,0000067_00249_d_0000001.jpg,lowcontrast,1360,765,15.79,141.58,22.77,"blurry, low_contrast",not_usable
0000067_00249_d_0000001_noise.jpg,0000067_00249_d_0000001.jpg,noise,1360,765,1006.01,141.89,40.99,none,usable
0000067_00249_d_0000001_original.jpg,0000067_00249_d_0000001.jpg,original,1360,765,45.4,141.88,40.43,blurry,not_usable
0000067_01050_d_0000002_blur.jpg,0000067_01050_d_0000002.jpg,blur,1360,765,2.48,131.21,32.62,"blurry, low_contrast",not_usable
0000067_01050_d_0000002_bright.jpg,0000067_01050_d_0000002.jpg,bright,1360,765,486.85,229.83,38.7,overexposed,not_usable
0000067_01050_d_0000002_dark.jpg,0000067_01050_d_0000002.jpg,dark,1360,765,222.01,79.72,27.09,low_contrast,not_usable
0000067_01050_d_0000002_lowcontrast.jpg,0000067_01050_d_0000002.jpg,lowcontrast,1360,765,52.94,131.13,12.35,"blurry, low_contrast",not_usable
0000067_01050_d_0000002_noise.jpg,0000067_01050_d_0000002.jpg,noise,1360,765,1532.76,131.2,37.0,none,usable
0000067_01050_d_0000002_original.jpg,0000067_01050_d_0000002.jpg,original,1360,765,387.28,131.2,36.25,none,usable
0000067_01852_d_0000003_blur.jpg,0000067_01852_d_0000003.jpg,blur,1360,765,1.99,123.78,27.64,"blurry, low_contrast",not_usable
0000067_01852_d_0000003_bright.jpg,0000067_01852_d_0000003.jpg,bright,1360,765,298.4,180.46,35.51,none,usable
0000067_01852_d_0000003_dark.jpg,0000067_01852_d_0000003.jpg,dark,1360,765,151.82,88.17,25.18,low_contrast,not_usable
0000067_01852_d_0000003_lowcontrast.jpg,0000067_01852_d_0000003.jpg,lowcontrast,1360,765,62.51,123.53,15.3,"blurry, low_contrast",not_usable
0000067_01852_d_0000003_noise.jpg,0000067_01852_d_0000003.jpg,noise,1360,765,716.18,123.73,30.08,low_contrast,not_usable
0000067_01852_d_0000003_original.jpg,0000067_01852_d_0000003.jpg,original,1360,765,218.4,123.78,29.71,low_contrast,not_usable
0000067_03139_d_0000005_blur.jpg,0000067_03139_d_0000005.jpg,blur,1360,765,2.04,124.2,30.37,"blurry, low_contrast",not_usable
0000067_03139_d_0000005_bright.jpg,0000067_03139_d_0000005.jpg,bright,1360,765,337.37,223.93,34.56,"overexposed, low_contrast",not_usable
0000067_03139_d_0000005_dark.jpg,0000067_03139_d_0000005.jpg,dark,1360,765,145.67,80.34,22.91,low_contrast,not_usable
0000067_03139_d_0000005_lowcontrast.jpg,0000067_03139_d_0000005.jpg,lowcontrast,1360,765,40.2,123.92,10.92,"blurry, low_contrast",not_usable
0000067_03139_d_0000005_noise.jpg,0000067_03139_d_0000005.jpg,noise,1360,765,660.23,124.17,33.2,low_contrast,not_usable
0000067_03139_d_0000005_original.jpg,0000067_03139_d_0000005.jpg,original,1360,765,301.85,124.2,32.96,low_contrast,not_usable
0000067_04055_d_0000006_blur.jpg,0000067_04055_d_0000006.jpg,blur,1360,765,7.31,143.03,34.04,"blurry, low_contrast",not_usable
0000067_04055_d_0000006_bright.jpg,0000067_04055_d_0000006.jpg,bright,1360,765,77.38,245.55,22.08,"blurry, overexposed, low_contrast",not_usable
0000067_04055_d_0000006_dark.jpg,0000067_04055_d_0000006.jpg,dark,1360,765,52.86,96.31,28.43,"blurry, low_contrast",not_usable
0000067_04055_d_0000006_lowcontrast.jpg,0000067_04055_d_0000006.jpg,lowcontrast,1360,765,29.77,143.01,21.07,"blurry, low_contrast",not_usable
0000067_04055_d_0000006_noise.jpg,0000067_04055_d_0000006.jpg,noise,1360,765,720.44,143.05,35.39,none,usable
0000067_04055_d_0000006_original.jpg,0000067_04055_d_0000006.jpg,original,1360,765,78.88,143.02,34.95,"blurry, low_contrast",not_usable
0000067_05946_d_0000009_blur.jpg,0000067_05946_d_0000009.jpg,blur,1360,765,4.98,140.44,50.62,blurry,not_usable
0000067_05946_d_0000009_bright.jpg,0000067_05946_d_0000009.jpg,bright,1360,765,455.3,198.47,39.64,none,usable
0000067_05946_d_0000009_dark.jpg,0000067_05946_d_0000009.jpg,dark,1360,765,226.65,100.47,39.19,none,usable
0000067_05946_d_0000009_lowcontrast.jpg,0000067_05946_d_0000009.jpg,lowcontrast,1360,765,162.07,139.81,34.47,low_contrast,not_usable
0000067_05946_d_0000009_noise.jpg,0000067_05946_d_0000009.jpg,noise,1360,765,870.5,140.41,52.29,none,usable
0000067_05946_d_0000009_original.jpg,0000067_05946_d_0000009.jpg,original,1360,765,384.82,140.44,52.13,none,usable
0000075_00109_d_0000001_blur.jpg,0000075_00109_d_0000001.jpg,blur,1920,1080,3.22,90.35,53.9,blurry,not_usable
0000075_00109_d_0000001_bright.jpg,0000075_00109_d_0000001.jpg,bright,1920,1080,485.14,168.66,49.81,none,usable
0000075_00109_d_0000001_dark.jpg,0000075_00109_d_0000001.jpg,dark,1920,1080,235.28,51.15,37.43,underexposed,not_usable
0000075_00109_d_0000001_lowcontrast.jpg,0000075_00109_d_0000001.jpg,lowcontrast,1920,1080,216.3,92.56,35.72,none,usable
0000075_00109_d_0000001_noise.jpg,0000075_00109_d_0000001.jpg,noise,1920,1080,1325.96,90.36,58.21,none,usable
0000075_00109_d_0000001_original.jpg,0000075_00109_d_0000001.jpg,original,1920,1080,569.0,90.33,58.11,none,usable
0000075_00586_d_0000002_blur.jpg,0000075_00586_d_0000002.jpg,blur,1920,1080,3.05,93.14,57.78,blurry,not_usable
0000075_00586_d_0000002_bright.jpg,0000075_00586_d_0000002.jpg,bright,1920,1080,518.84,140.13,58.06,none,usable
0000075_00586_d_0000002_dark.jpg,0000075_00586_d_0000002.jpg,dark,1920,1080,326.88,71.8,50.49,none,usable
0000075_00586_d_0000002_lowcontrast.jpg,0000075_00586_d_0000002.jpg,lowcontrast,1920,1080,77.26,93.5,23.73,"blurry, low_contrast",not_usable
0000075_00586_d_0000002_noise.jpg,0000075_00586_d_0000002.jpg,noise,1920,1080,712.38,93.13,61.34,none,usable
0000075_00586_d_0000002_original.jpg,0000075_00586_d_0000002.jpg,original,1920,1080,486.14,93.14,61.26,none,usable
0000075_01250_d_0000004_blur.jpg,0000075_01250_d_0000004.jpg,blur,1920,1080,24.68,72.7,49.94,blurry,not_usable
0000075_01250_d_0000004_bright.jpg,0000075_01250_d_0000004.jpg,bright,1920,1080,650.2,128.69,51.78,none,usable
0000075_01250_d_0000004_dark.jpg,0000075_01250_d_0000004.jpg,dark,1920,1080,445.51,43.89,42.3,underexposed,not_usable
0000075_01250_d_0000004_lowcontrast.jpg,0000075_01250_d_0000004.jpg,lowcontrast,1920,1080,170.85,74.1,26.3,low_contrast,not_usable
0000075_01250_d_0000004_noise.jpg,0000075_01250_d_0000004.jpg,noise,1920,1080,1157.75,72.71,52.69,none,usable
0000075_01250_d_0000004_original.jpg,0000075_01250_d_0000004.jpg,original,1920,1080,674.26,72.7,52.55,none,usable
0000075_01634_d_0000005_blur.jpg,0000075_01634_d_0000005.jpg,blur,1920,1080,24.37,91.42,54.7,blurry,not_usable
0000075_01634_d_0000005_bright.jpg,0000075_01634_d_0000005.jpg,bright,1920,1080,564.33,146.35,63.65,none,usable
0000075_01634_d_0000005_dark.jpg,0000075_01634_d_0000005.jpg,dark,1920,1080,384.54,64.4,49.56,none,usable
0000075_01634_d_0000005_lowcontrast.jpg,0000075_01634_d_0000005.jpg,lowcontrast,1920,1080,151.22,93.51,30.62,low_contrast,not_usable
0000075_01634_d_0000005_noise.jpg,0000075_01634_d_0000005.jpg,noise,1920,1080,1111.19,91.4,56.97,none,usable
0000075_01634_d_0000005_original.jpg,0000075_01634_d_0000005.jpg,original,1920,1080,490.22,91.4,56.82,none,usable
0000077_00075_d_0000001_blur.jpg,0000077_00075_d_0000001.jpg,blur,1360,765,2.21,126.46,30.07,"blurry, low_contrast",not_usable
0000077_00075_d_0000001_bright.jpg,0000077_00075_d_0000001.jpg,bright,1360,765,811.3,189.09,41.85,none,usable
0000077_00075_d_0000001_dark.jpg,0000077_00075_d_0000001.jpg,dark,1360,765,245.5,72.97,22.64,low_contrast,not_usable
0000077_00075_d_0000001_lowcontrast.jpg,0000077_00075_d_0000001.jpg,lowcontrast,1360,765,176.58,126.31,18.29,low_contrast,not_usable
0000077_00075_d_0000001_noise.jpg,0000077_00075_d_0000001.jpg,noise,1360,765,1686.19,126.46,34.14,low_contrast,not_usable
0000077_00075_d_0000001_original.jpg,0000077_00075_d_0000001.jpg,original,1360,765,541.44,126.47,33.34,low_contrast,not_usable
0000077_00435_d_0000002_blur.jpg,0000077_00435_d_0000002.jpg,blur,1360,765,2.57,124.19,27.97,"blurry, low_contrast",not_usable
0000077_00435_d_0000002_bright.jpg,0000077_00435_d_0000002.jpg,bright,1360,765,823.17,207.4,38.53,overexposed,not_usable
0000077_00435_d_0000002_dark.jpg,0000077_00435_d_0000002.jpg,dark,1360,765,451.0,95.7,27.54,low_contrast,not_usable
0000077_00435_d_0000002_lowcontrast.jpg,0000077_00435_d_0000002.jpg,lowcontrast,1360,765,94.3,123.95,12.37,"blurry, low_contrast",not_usable
0000077_00435_d_0000002_noise.jpg,0000077_00435_d_0000002.jpg,noise,1360,765,1728.45,124.17,32.05,low_contrast,not_usable
0000077_00435_d_0000002_original.jpg,0000077_00435_d_0000002.jpg,original,1360,765,579.54,124.19,31.2,low_contrast,not_usable
0000077_00922_d_0000003_blur.jpg,0000077_00922_d_0000003.jpg,blur,1360,765,5.32,132.86,33.82,"blurry, low_contrast",not_usable
0000077_00922_d_0000003_bright.jpg,0000077_00922_d_0000003.jpg,bright,1360,765,374.69,233.11,28.13,"overexposed, low_contrast",not_usable
0000077_00922_d_0000003_dark.jpg,0000077_00922_d_0000003.jpg,dark,1360,765,387.39,97.67,29.71,low_contrast,not_usable
0000077_00922_d_0000003_lowcontrast.jpg,0000077_00922_d_0000003.jpg,lowcontrast,1360,765,214.04,132.72,21.82,low_contrast,not_usable
0000077_00922_d_0000003_noise.jpg,0000077_00922_d_0000003.jpg,noise,1360,765,944.9,132.86,36.57,none,usable
0000077_00922_d_0000003_original.jpg,0000077_00922_d_0000003.jpg,original,1360,765,585.92,132.86,36.34,none,usable
0000077_01402_d_0000004_blur.jpg,0000077_01402_d_0000004.jpg,blur,1360,765,16.16,126.45,34.57,"blurry, low_contrast",not_usable
0000077_01402_d_0000004_bright.jpg,0000077_01402_d_0000004.jpg,bright,1360,765,742.98,174.78,39.5,none,usable
0000077_01402_d_0000004_dark.jpg,0000077_01402_d_0000004.jpg,dark,1360,765,401.13,79.67,28.32,low_contrast,not_usable
0000077_01402_d_0000004_lowcontrast.jpg,0000077_01402_d_0000004.jpg,lowcontrast,1360,765,172.33,126.33,18.68,low_contrast,not_usable
0000077_01402_d_0000004_noise.jpg,0000077_01402_d_0000004.jpg,noise,1360,765,1155.46,126.45,37.32,none,usable
0000077_01402_d_0000004_original.jpg,0000077_01402_d_0000004.jpg,original,1360,765,661.03,126.45,37.02,none,usable
0000077_03026_d_0000008_blur.jpg,0000077_03026_d_0000008.jpg,blur,1360,765,3.13,137.74,52.84,blurry,not_usable
0000077_03026_d_0000008_bright.jpg,0000077_03026_d_0000008.jpg,bright,1360,765,1081.67,189.43,51.05,none,usable
0000077_03026_d_0000008_dark.jpg,0000077_03026_d_0000008.jpg,dark,1360,765,676.02,106.86,48.72,none,usable
0000077_03026_d_0000008_lowcontrast.jpg,0000077_03026_d_0000008.jpg,lowcontrast,1360,765,194.3,137.57,26.66,low_contrast,not_usable
0000077_03026_d_0000008_noise.jpg,0000077_03026_d_0000008.jpg,noise,1360,765,1680.74,137.68,56.24,none,usable
0000077_03026_d_0000008_original.jpg,0000077_03026_d_0000008.jpg,original,1360,765,910.29,137.74,56.02,none,usable
0000077_03459_d_0000009_blur.jpg,0000077_03459_d_0000009.jpg,blur,1360,765,11.21,127.48,35.71,blurry,not_usable
0000077_03459_d_0000009_bright.jpg,0000077_03459_d_0000009.jpg,bright,1360,765,599.2,206.07,40.37,overexposed,not_usable
0000077_03459_d_0000009_dark.jpg,0000077_03459_d_0000009.jpg,dark,1360,765,257.04,93.14,30.36,low_contrast,not_usable
0000077_03459_d_0000009_lowcontrast.jpg,0000077_03459_d_0000009.jpg,lowcontrast,1360,765,172.1,127.35,25.11,low_contrast,not_usable
0000077_03459_d_0000009_noise.jpg,0000077_03459_d_0000009.jpg,noise,1360,765,882.06,127.48,37.46,none,usable
0000077_03459_d_0000009_original.jpg,0000077_03459_d_0000009.jpg,original,1360,765,389.07,127.47,37.16,none,usable
0000077_03970_d_0000010_blur.jpg,0000077_03970_d_0000010.jpg,blur,1360,765,3.86,134.18,35.43,blurry,not_usable
0000077_03970_d_0000010_bright.jpg,0000077_03970_d_0000010.jpg,bright,1360,765,1029.91,207.04,41.97,overexposed,not_usable
0000077_03970_d_0000010_dark.jpg,0000077_03970_d_0000010.jpg,dark,1360,765,402.84,74.09,27.06,low_contrast,not_usable
0000077_03970_d_0000010_lowcontrast.jpg,0000077_03970_d_0000010.jpg,lowcontrast,1360,765,149.43,134.04,16.32,low_contrast,not_usable
0000077_03970_d_0000010_noise.jpg,0000077_03970_d_0000010.jpg,noise,1360,765,1531.83,134.19,40.25,none,usable
0000077_03970_d_0000010_original.jpg,0000077_03970_d_0000010.jpg,original,1360,765,894.08,134.18,39.89,none,usable
0000077_04434_d_0000011_blur.jpg,0000077_04434_d_0000011.jpg,blur,1360,765,3.22,127.17,41.52,blurry,not_usable
0000077_04434_d_0000011_bright.jpg,0000077_04434_d_0000011.jpg,bright,1360,765,1027.3,195.16,49.75,none,usable
0000077_04434_d_0000011_dark.jpg,0000077_04434_d_0000011.jpg,dark,1360,765,446.53,77.15,31.76,low_contrast,not_usable
0000077_04434_d_0000011_lowcontrast.jpg,0000077_04434_d_0000011.jpg,lowcontrast,1360,765,380.82,127.12,29.98,low_contrast,not_usable
0000077_04434_d_0000011_noise.jpg,0000077_04434_d_0000011.jpg,noise,1360,765,1135.04,127.18,45.44,none,usable
0000077_04434_d_0000011_original.jpg,0000077_04434_d_0000011.jpg,original,1360,765,906.93,127.17,45.31,none,usable
0000088_00131_d_0000001_blur.jpg,0000088_00131_d_0000001.jpg,blur,960,540,11.87,98.35,38.28,blurry,not_usable
0000088_00131_d_0000001_bright.jpg,0000088_00131_d_0000001.jpg,bright,960,540,1080.39,150.34,45.51,none,usable
0000088_00131_d_0000001_dark.jpg,0000088_00131_d_0000001.jpg,dark,960,540,605.55,69.25,31.8,low_contrast,not_usable
0000088_00131_d_0000001_lowcontrast.jpg,0000088_00131_d_0000001.jpg,lowcontrast,960,540,354.76,100.6,25.3,low_contrast,not_usable
0000088_00131_d_0000001_noise.jpg,0000088_00131_d_0000001.jpg,noise,960,540,1692.1,98.59,41.71,none,usable
0000088_00131_d_0000001_original.jpg,0000088_00131_d_0000001.jpg,original,960,540,956.67,98.36,41.59,none,usable
0000088_00460_d_0000002_blur.jpg,0000088_00460_d_0000002.jpg,blur,960,540,6.6,104.74,38.28,blurry,not_usable
0000088_00460_d_0000002_bright.jpg,0000088_00460_d_0000002.jpg,bright,960,540,1084.16,161.2,46.88,none,usable
0000088_00460_d_0000002_dark.jpg,0000088_00460_d_0000002.jpg,dark,960,540,499.13,80.8,34.17,low_contrast,not_usable
0000088_00460_d_0000002_lowcontrast.jpg,0000088_00460_d_0000002.jpg,lowcontrast,960,540,95.9,107.54,13.69,"blurry, low_contrast",not_usable
0000088_00460_d_0000002_noise.jpg,0000088_00460_d_0000002.jpg,noise,960,540,1220.58,104.8,41.55,none,usable
0000088_00460_d_0000002_original.jpg,0000088_00460_d_0000002.jpg,original,960,540,738.05,104.74,41.37,none,usable
0000088_00883_d_0000003_blur.jpg,0000088_00883_d_0000003.jpg,blur,960,540,18.66,103.14,38.98,blurry,not_usable
0000088_00883_d_0000003_bright.jpg,0000088_00883_d_0000003.jpg,bright,960,540,1164.15,150.96,48.07,none,usable
0000088_00883_d_0000003_dark.jpg,0000088_00883_d_0000003.jpg,dark,960,540,581.28,73.39,34.67,low_contrast,not_usable
0000088_00883_d_0000003_lowcontrast.jpg,0000088_00883_d_0000003.jpg,lowcontrast,960,540,144.05,105.96,17.6,low_contrast,not_usable
0000088_00883_d_0000003_noise.jpg,0000088_00883_d_0000003.jpg,noise,960,540,1053.02,103.18,41.67,none,usable
0000088_00883_d_0000003_original.jpg,0000088_00883_d_0000003.jpg,original,960,540,827.83,103.14,41.57,none,usable
0000088_01675_d_0000005_blur.jpg,0000088_01675_d_0000005.jpg,blur,960,540,2.9,97.24,36.76,blurry,not_usable
0000088_01675_d_0000005_bright.jpg,0000088_01675_d_0000005.jpg,bright,960,540,1077.3,166.77,48.1,none,usable
0000088_01675_d_0000005_dark.jpg,0000088_01675_d_0000005.jpg,dark,960,540,403.73,58.87,25.54,"underexposed, low_contrast",not_usable
0000088_01675_d_0000005_lowcontrast.jpg,0000088_01675_d_0000005.jpg,lowcontrast,960,540,316.22,99.8,25.14,low_contrast,not_usable
0000088_01675_d_0000005_noise.jpg,0000088_01675_d_0000005.jpg,noise,960,540,1828.96,97.88,40.96,none,usable
0000088_01675_d_0000005_original.jpg,0000088_01675_d_0000005.jpg,original,960,540,844.19,97.24,41.01,none,usable
0000097_00023_d_0000022_blur.jpg,0000097_00023_d_0000022.jpg,blur,960,540,4.6,107.42,50.64,blurry,not_usable
0000097_00023_d_0000022_bright.jpg,0000097_00023_d_0000022.jpg,bright,960,540,1882.62,207.34,43.5,overexposed,not_usable
0000097_00023_d_0000022_dark.jpg,0000097_00023_d_0000022.jpg,dark,960,540,879.98,81.72,46.2,none,usable
0000097_00023_d_0000022_lowcontrast.jpg,0000097_00023_d_0000022.jpg,lowcontrast,960,540,437.05,106.63,32.74,low_contrast,not_usable
0000097_00023_d_0000022_noise.jpg,0000097_00023_d_0000022.jpg,noise,960,540,2280.53,107.37,52.74,none,usable
0000097_00023_d_0000022_original.jpg,0000097_00023_d_0000022.jpg,original,960,540,1167.88,107.42,52.43,none,usable
0000097_03343_d_0000032_blur.jpg,0000097_03343_d_0000032.jpg,blur,960,540,17.18,108.04,41.58,blurry,not_usable
0000097_03343_d_0000032_bright.jpg,0000097_03343_d_0000032.jpg,bright,960,540,3735.93,190.55,46.6,none,usable
0000097_03343_d_0000032_dark.jpg,0000097_03343_d_0000032.jpg,dark,960,540,1008.52,65.11,30.92,low_contrast,not_usable
0000097_03343_d_0000032_lowcontrast.jpg,0000097_03343_d_0000032.jpg,lowcontrast,960,540,793.35,106.46,27.69,low_contrast,not_usable
0000097_03343_d_0000032_noise.jpg,0000097_03343_d_0000032.jpg,noise,960,540,2760.7,107.97,44.69,none,usable
0000097_03343_d_0000032_original.jpg,0000097_03343_d_0000032.jpg,original,960,540,2136.35,108.04,44.61,none,usable
0000097_03806_d_0000033_blur.jpg,0000097_03806_d_0000033.jpg,blur,960,540,3.69,109.39,34.77,"blurry, low_contrast",not_usable
0000097_03806_d_0000033_bright.jpg,0000097_03806_d_0000033.jpg,bright,960,540,1793.16,158.64,47.58,none,usable
0000097_03806_d_0000033_dark.jpg,0000097_03806_d_0000033.jpg,dark,960,540,550.58,58.53,26.59,"underexposed, low_contrast",not_usable
0000097_03806_d_0000033_lowcontrast.jpg,0000097_03806_d_0000033.jpg,lowcontrast,960,540,476.07,108.88,24.93,low_contrast,not_usable
0000097_03806_d_0000033_noise.jpg,0000097_03806_d_0000033.jpg,noise,960,540,1859.16,109.38,39.15,none,usable
0000097_03806_d_0000033_original.jpg,0000097_03806_d_0000033.jpg,original,960,540,1220.57,109.39,38.77,none,usable
0000097_04301_d_0000034_blur.jpg,0000097_04301_d_0000034.jpg,blur,960,540,6.03,114.37,46.77,blurry,not_usable
0000097_04301_d_0000034_bright.jpg,0000097_04301_d_0000034.jpg,bright,960,540,2211.07,201.55,45.33,overexposed,not_usable
0000097_04301_d_0000034_dark.jpg,0000097_04301_d_0000034.jpg,dark,960,540,1262.73,91.69,43.46,none,usable
0000097_04301_d_0000034_lowcontrast.jpg,0000097_04301_d_0000034.jpg,lowcontrast,960,540,675.6,113.76,31.49,low_contrast,not_usable
0000097_04301_d_0000034_noise.jpg,0000097_04301_d_0000034.jpg,noise,960,540,2437.33,114.37,51.18,none,usable
0000097_04301_d_0000034_original.jpg,0000097_04301_d_0000034.jpg,original,960,540,1814.4,114.37,50.94,none,usable
0000097_04611_d_0000035_blur.jpg,0000097_04611_d_0000035.jpg,blur,960,540,4.83,118.3,45.76,blurry,not_usable
0000097_04611_d_0000035_bright.jpg,0000097_04611_d_0000035.jpg,bright,960,540,1477.38,180.6,51.76,none,usable
0000097_04611_d_0000035_dark.jpg,0000097_04611_d_0000035.jpg,dark,960,540,404.97,63.66,31.74,low_contrast,not_usable
0000097_04611_d_0000035_lowcontrast.jpg,0000097_04611_d_0000035.jpg,lowcontrast,960,540,399.75,117.69,31.38,low_contrast,not_usable
0000097_04611_d_0000035_noise.jpg,0000097_04611_d_0000035.jpg,noise,960,540,1803.76,118.3,48.98,none,usable
0000097_04611_d_0000035_original.jpg,0000097_04611_d_0000035.jpg,original,960,540,1018.91,118.3,48.61,none,usable
0000097_04848_d_0000036_blur.jpg,0000097_04848_d_0000036.jpg,blur,960,540,2.8,113.67,43.93,blurry,not_usable
0000097_04848_d_0000036_bright.jpg,0000097_04848_d_0000036.jpg,bright,960,540,1164.09,212.21,39.76,overexposed,not_usable
0000097_04848_d_0000036_dark.jpg,0000097_04848_d_0000036.jpg,dark,960,540,540.42,84.11,37.67,none,usable
0000097_04848_d_0000036_lowcontrast.jpg,0000097_04848_d_0000036.jpg,lowcontrast,960,540,238.54,113.1,23.93,low_contrast,not_usable
0000097_04848_d_0000036_noise.jpg,0000097_04848_d_0000036.jpg,noise,960,540,1058.28,113.66,46.6,none,usable
0000097_04848_d_0000036_original.jpg,0000097_04848_d_0000036.jpg,original,960,540,832.51,113.67,46.47,none,usable
0000097_04961_d_0000037_blur.jpg,0000097_04961_d_0000037.jpg,blur,960,540,7.3,113.83,44.07,blurry,not_usable
0000097_04961_d_0000037_bright.jpg,0000097_04961_d_0000037.jpg,bright,960,540,1645.59,166.36,47.82,none,usable
0000097_04961_d_0000037_dark.jpg,0000097_04961_d_0000037.jpg,dark,960,540,877.81,86.97,40.06,none,usable
0000097_04961_d_0000037_lowcontrast.jpg,0000097_04961_d_0000037.jpg,lowcontrast,960,540,149.31,113.37,14.6,low_contrast,not_usable
0000097_04961_d_0000037_noise.jpg,0000097_04961_d_0000037.jpg,noise,960,540,2352.59,113.84,46.71,none,usable
0000097_04961_d_0000037_original.jpg,0000097_04961_d_0000037.jpg,original,960,540,1210.19,113.83,46.16,none,usable
0000097_05509_d_0000039_blur.jpg,0000097_05509_d_0000039.jpg,blur,960,540,2.48,115.0,44.6,blurry,not_usable
0000097_05509_d_0000039_bright.jpg,0000097_05509_d_0000039.jpg,bright,960,540,948.56,190.63,45.7,none,usable
0000097_05509_d_0000039_dark.jpg,0000097_05509_d_0000039.jpg,dark,960,540,424.57,85.71,39.12,none,usable
0000097_05509_d_0000039_lowcontrast.jpg,0000097_05509_d_0000039.jpg,lowcontrast,960,540,90.0,115.26,16.32,"blurry, low_contrast",not_usable
0000097_05509_d_0000039_noise.jpg,0000097_05509_d_0000039.jpg,noise,960,540,1269.33,114.97,47.31,none,usable
0000097_05509_d_0000039_original.jpg,0000097_05509_d_0000039.jpg,original,960,540,633.85,115.0,47.04,none,usable
0000097_05867_d_0000040_blur.jpg,0000097_05867_d_0000040.jpg,blur,960,540,2.5,106.18,38.96,blurry,not_usable
0000097_05867_d_0000040_bright.jpg,0000097_05867_d_0000040.jpg,bright,960,540,625.4,193.67,41.3,none,usable
0000097_05867_d_0000040_dark.jpg,0000097_05867_d_0000040.jpg,dark,960,540,240.51,63.2,26.86,low_contrast,not_usable
0000097_05867_d_0000040_lowcontrast.jpg,0000097_05867_d_0000040.jpg,lowcontrast,960,540,223.8,106.16,25.33,low_contrast,not_usable
0000097_05867_d_0000040_noise.jpg,0000097_05867_d_0000040.jpg,noise,960,540,1231.6,106.17,41.07,none,usable
0000097_05867_d_0000040_original.jpg,0000097_05867_d_0000040.jpg,original,960,540,596.33,106.19,40.7,none,usable
0000097_06366_d_0000041_blur.jpg,0000097_06366_d_0000041.jpg,blur,960,540,2.4,118.0,45.05,blurry,not_usable
0000097_06366_d_0000041_bright.jpg,0000097_06366_d_0000041.jpg,bright,960,540,957.7,207.13,42.59,overexposed,not_usable
0000097_06366_d_0000041_dark.jpg,0000097_06366_d_0000041.jpg,dark,960,540,425.26,79.42,35.64,none,usable
0000097_06366_d_0000041_lowcontrast.jpg,0000097_06366_d_0000041.jpg,lowcontrast,960,540,275.41,117.46,30.04,low_contrast,not_usable
0000097_06366_d_0000041_noise.jpg,0000097_06366_d_0000041.jpg,noise,960,540,1493.57,117.99,47.39,none,usable
0000097_06366_d_0000041_original.jpg,0000097_06366_d_0000041.jpg,original,960,540,708.49,118.0,47.01,none,usable
0000097_06766_d_0000042_blur.jpg,0000097_06766_d_0000042.jpg,blur,960,540,3.23,115.53,49.22,blurry,not_usable
0000097_06766_d_0000042_bright.jpg,0000097_06766_d_0000042.jpg,bright,960,540,1621.67,176.14,51.58,none,usable
0000097_06766_d_0000042_dark.jpg,0000097_06766_d_0000042.jpg,dark,960,540,730.08,84.36,42.15,none,usable
0000097_06766_d_0000042_lowcontrast.jpg,0000097_06766_d_0000042.jpg,lowcontrast,960,540,336.35,114.58,26.97,low_contrast,not_usable
0000097_06766_d_0000042_noise.jpg,0000097_06766_d_0000042.jpg,noise,960,540,1752.86,115.53,51.87,none,usable
0000097_06766_d_0000042_original.jpg,0000097_06766_d_0000042.jpg,original,960,540,1119.0,115.53,51.62,none,usable
0000097_07764_d_0000044_blur.jpg,0000097_07764_d_0000044.jpg,blur,960,540,2.48,107.11,46.98,blurry,not_usable
0000097_07764_d_0000044_bright.jpg,0000097_07764_d_0000044.jpg,bright,960,540,1244.9,206.8,39.03,overexposed,not_usable
0000097_07764_d_0000044_dark.jpg,0000097_07764_d_0000044.jpg,dark,960,540,682.52,79.44,40.48,none,usable
0000097_07764_d_0000044_lowcontrast.jpg,0000097_07764_d_0000044.jpg,lowcontrast,960,540,161.95,105.47,18.36,low_contrast,not_usable
0000097_07764_d_0000044_noise.jpg,0000097_07764_d_0000044.jpg,noise,960,540,1827.37,107.07,49.85,none,usable
0000097_07764_d_0000044_original.jpg,0000097_07764_d_0000044.jpg,original,960,540,1045.37,107.12,49.57,none,usable
0000097_08251_d_0000045_blur.jpg,0000097_08251_d_0000045.jpg,blur,960,540,2.64,108.67,37.89,blurry,not_usable
0000097_08251_d_0000045_bright.jpg,0000097_08251_d_0000045.jpg,bright,960,540,1967.01,163.55,46.05,none,usable
0000097_08251_d_0000045_dark.jpg,0000097_08251_d_0000045.jpg,dark,960,540,907.54,65.58,32.95,low_contrast,not_usable
0000097_08251_d_0000045_lowcontrast.jpg,0000097_08251_d_0000045.jpg,lowcontrast,960,540,290.46,107.82,19.77,low_contrast,not_usable
0000097_08251_d_0000045_noise.jpg,0000097_08251_d_0000045.jpg,noise,960,540,2422.55,108.65,42.46,none,usable
0000097_08251_d_0000045_original.jpg,0000097_08251_d_0000045.jpg,original,960,540,1464.87,108.68,41.97,none,usable
0000097_08351_d_0000046_blur.jpg,0000097_08351_d_0000046.jpg,blur,960,540,2.43,105.99,36.38,blurry,not_usable
0000097_08351_d_0000046_bright.jpg,0000097_08351_d_0000046.jpg,bright,960,540,773.76,200.85,38.24,overexposed,not_usable
0000097_08351_d_0000046_dark.jpg,0000097_08351_d_0000046.jpg,dark,960,540,385.27,66.62,30.31,low_contrast,not_usable
0000097_08351_d_0000046_lowcontrast.jpg,0000097_08351_d_0000046.jpg,lowcontrast,960,540,268.4,105.48,26.3,low_contrast,not_usable
0000097_08351_d_0000046_noise.jpg,0000097_08351_d_0000046.jpg,noise,960,540,1139.56,105.99,40.12,none,usable
0000097_08351_d_0000046_original.jpg,0000097_08351_d_0000046.jpg,original,960,540,643.61,106.01,39.84,none,usable
0000097_08483_d_0000047_blur.jpg,0000097_08483_d_0000047.jpg,blur,960,540,9.15,106.81,32.23,"blurry, low_contrast",not_usable
0000097_08483_d_0000047_bright.jpg,0000097_08483_d_0000047.jpg,bright,960,540,1390.9,198.37,33.52,low_contrast,not_usable
0000097_08483_d_0000047_dark.jpg,0000097_08483_d_0000047.jpg,dark,960,540,681.93,67.01,25.54,low_contrast,not_usable
0000097_08483_d_0000047_lowcontrast.jpg,0000097_08483_d_0000047.jpg,lowcontrast,960,540,460.48,105.68,21.27,low_contrast,not_usable
0000097_08483_d_0000047_noise.jpg,0000097_08483_d_0000047.jpg,noise,960,540,2055.92,106.79,35.9,none,usable
0000097_08483_d_0000047_original.jpg,0000097_08483_d_0000047.jpg,original,960,540,1264.32,106.81,35.41,none,usable
0000097_08841_d_0000049_blur.jpg,0000097_08841_d_0000049.jpg,blur,960,540,4.19,105.4,29.68,"blurry, low_contrast",not_usable
0000097_08841_d_0000049_bright.jpg,0000097_08841_d_0000049.jpg,bright,960,540,1158.74,151.71,35.89,none,usable
0000097_08841_d_0000049_dark.jpg,0000097_08841_d_0000049.jpg,dark,960,540,655.31,73.77,28.17,low_contrast,not_usable
0000097_08841_d_0000049_lowcontrast.jpg,0000097_08841_d_0000049.jpg,lowcontrast,960,540,447.56,104.9,22.99,low_contrast,not_usable
0000097_08841_d_0000049_noise.jpg,0000097_08841_d_0000049.jpg,noise,960,540,1305.68,105.41,33.42,low_contrast,not_usable
0000097_08841_d_0000049_original.jpg,0000097_08841_d_0000049.jpg,original,960,540,949.71,105.4,33.16,low_contrast,not_usable
0000097_09340_d_0000050_blur.jpg,0000097_09340_d_0000050.jpg,blur,960,540,2.39,117.46,27.23,"blurry, low_contrast",not_usable
0000097_09340_d_0000050_bright.jpg,0000097_09340_d_0000050.jpg,bright,960,540,1828.71,202.81,38.72,overexposed,not_usable
0000097_09340_d_0000050_dark.jpg,0000097_09340_d_0000050.jpg,dark,960,540,719.65,74.53,24.38,low_contrast,not_usable
0000097_09340_d_0000050_lowcontrast.jpg,0000097_09340_d_0000050.jpg,lowcontrast,960,540,304.08,116.49,16.16,low_contrast,not_usable
0000097_09340_d_0000050_noise.jpg,0000097_09340_d_0000050.jpg,noise,960,540,1842.95,117.44,32.77,low_contrast,not_usable
0000097_09340_d_0000050_original.jpg,0000097_09340_d_0000050.jpg,original,960,540,1206.07,117.46,32.3,low_contrast,not_usable
0000097_09823_d_0000051_blur.jpg,0000097_09823_d_0000051.jpg,blur,960,540,6.15,116.22,28.72,"blurry, low_contrast",not_usable
0000097_09823_d_0000051_bright.jpg,0000097_09823_d_0000051.jpg,bright,960,540,1241.06,228.65,28.83,"overexposed, low_contrast",not_usable
0000097_09823_d_0000051_dark.jpg,0000097_09823_d_0000051.jpg,dark,960,540,697.08,74.63,26.23,low_contrast,not_usable
0000097_09823_d_0000051_lowcontrast.jpg,0000097_09823_d_0000051.jpg,lowcontrast,960,540,398.09,115.21,19.7,low_contrast,not_usable
0000097_09823_d_0000051_noise.jpg,0000097_09823_d_0000051.jpg,noise,960,540,1439.62,116.23,32.66,low_contrast,not_usable
0000097_09823_d_0000051_original.jpg,0000097_09823_d_0000051.jpg,original,960,540,1082.66,116.21,32.4,low_contrast,not_usable
0000097_10322_d_0000052_blur.jpg,0000097_10322_d_0000052.jpg,blur,960,540,2.7,115.64,29.18,"blurry, low_contrast",not_usable
0000097_10322_d_0000052_bright.jpg,0000097_10322_d_0000052.jpg,bright,960,540,1837.7,164.47,38.35,none,usable
0000097_10322_d_0000052_dark.jpg,0000097_10322_d_0000052.jpg,dark,960,540,745.67,75.48,24.23,low_contrast,not_usable
0000097_10322_d_0000052_lowcontrast.jpg,0000097_10322_d_0000052.jpg,lowcontrast,960,540,610.34,115.44,22.88,low_contrast,not_usable
0000097_10322_d_0000052_noise.jpg,0000097_10322_d_0000052.jpg,noise,960,540,1835.56,115.65,34.64,low_contrast,not_usable
0000097_10322_d_0000052_original.jpg,0000097_10322_d_0000052.jpg,original,960,540,1481.93,115.64,34.39,low_contrast,not_usable
0000097_11320_d_0000054_blur.jpg,0000097_11320_d_0000054.jpg,blur,960,540,2.26,108.64,32.49,"blurry, low_contrast",not_usable
0000097_11320_d_0000054_bright.jpg,0000097_11320_d_0000054.jpg,bright,960,540,1020.67,199.65,43.88,none,usable
0000097_11320_d_0000054_dark.jpg,0000097_11320_d_0000054.jpg,dark,960,540,329.8,68.26,24.48,low_contrast,not_usable
0000097_11320_d_0000054_lowcontrast.jpg,0000097_11320_d_0000054.jpg,lowcontrast,960,540,236.22,107.74,19.32,low_contrast,not_usable
0000097_11320_d_0000054_noise.jpg,0000097_11320_d_0000054.jpg,noise,960,540,2080.64,108.65,36.74,none,usable
0000097_11320_d_0000054_original.jpg,0000097_11320_d_0000054.jpg,original,960,540,732.06,108.63,35.83,none,usable
0000097_11819_d_0000055_blur.jpg,0000097_11819_d_0000055.jpg,blur,960,540,2.8,110.94,27.06,"blurry, low_contrast",not_usable
0000097_11819_d_0000055_bright.jpg,0000097_11819_d_0000055.jpg,bright,960,540,2535.83,218.72,34.87,"overexposed, low_contrast",not_usable
0000097_11819_d_0000055_dark.jpg,0000097_11819_d_0000055.jpg,dark,960,540,1232.57,89.12,28.38,low_contrast,not_usable
0000097_11819_d_0000055_lowcontrast.jpg,0000097_11819_d_0000055.jpg,lowcontrast,960,540,682.14,110.41,21.31,low_contrast,not_usable
0000097_11819_d_0000055_noise.jpg,0000097_11819_d_0000055.jpg,noise,960,540,3084.16,110.94,34.05,low_contrast,not_usable
0000097_11819_d_0000055_original.jpg,0000097_11819_d_0000055.jpg,original,960,540,1763.92,110.94,33.15,low_contrast,not_usable
0000104_00100_d_0000056_blur.jpg,0000104_00100_d_0000056.jpg,blur,1360,765,3.08,87.99,34.42,"blurry, low_contrast",not_usable
0000104_00100_d_0000056_bright.jpg,0000104_00100_d_0000056.jpg,bright,1360,765,241.14,175.31,48.31,none,usable
0000104_00100_d_0000056_dark.jpg,0000104_00100_d_0000056.jpg,dark,1360,765,114.33,61.72,30.7,low_contrast,not_usable
0000104_00100_d_0000056_lowcontrast.jpg,0000104_00100_d_0000056.jpg,lowcontrast,1360,765,41.26,87.91,18.1,"blurry, low_contrast",not_usable
0000104_00100_d_0000056_noise.jpg,0000104_00100_d_0000056.jpg,noise,1360,765,806.07,87.98,37.03,none,usable
0000104_00100_d_0000056_original.jpg,0000104_00100_d_0000056.jpg,original,1360,765,164.11,87.99,36.62,none,usable
0000104_00360_d_0000057_blur.jpg,0000104_00360_d_0000057.jpg,blur,1360,765,3.53,92.38,32.79,"blurry, low_contrast",not_usable
0000104_00360_d_0000057_bright.jpg,0000104_00360_d_0000057.jpg,bright,1360,765,257.73,150.73,41.01,none,usable
0000104_00360_d_0000057_dark.jpg,0000104_00360_d_0000057.jpg,dark,1360,765,122.14,59.21,27.2,"underexposed, low_contrast",not_usable
0000104_00360_d_0000057_lowcontrast.jpg,0000104_00360_d_0000057.jpg,lowcontrast,1360,765,37.7,92.21,15.28,"blurry, low_contrast",not_usable
0000104_00360_d_0000057_noise.jpg,0000104_00360_d_0000057.jpg,noise,1360,765,566.13,92.38,36.01,none,usable
0000104_00360_d_0000057_original.jpg,0000104_00360_d_0000057.jpg,original,1360,765,205.16,92.38,35.78,none,usable
0000104_01170_d_0000060_blur.jpg,0000104_01170_d_0000060.jpg,blur,1360,765,6.93,93.92,36.41,blurry,not_usable
0000104_01170_d_0000060_bright.jpg,0000104_01170_d_0000060.jpg,bright,1360,765,206.06,188.73,42.51,none,usable
0000104_01170_d_0000060_dark.jpg,0000104_01170_d_0000060.jpg,dark,1360,765,91.19,56.6,26.83,"blurry, underexposed, low_contrast",not_usable
0000104_01170_d_0000060_lowcontrast.jpg,0000104_01170_d_0000060.jpg,lowcontrast,1360,765,31.03,96.2,15.06,"blurry, low_contrast",not_usable
0000104_01170_d_0000060_noise.jpg,0000104_01170_d_0000060.jpg,noise,1360,765,1326.94,93.89,39.61,none,usable
0000104_01170_d_0000060_original.jpg,0000104_01170_d_0000060.jpg,original,1360,765,191.84,93.91,39.0,none,usable
0000104_01968_d_0000063_blur.jpg,0000104_01968_d_0000063.jpg,blur,1360,765,3.35,86.76,35.11,blurry,not_usable
0000104_01968_d_0000063_bright.jpg,0000104_01968_d_0000063.jpg,bright,1360,765,327.56,140.81,45.22,none,usable
0000104_01968_d_0000063_dark.jpg,0000104_01968_d_0000063.jpg,dark,1360,765,152.81,57.59,29.63,"underexposed, low_contrast",not_usable
0000104_01968_d_0000063_lowcontrast.jpg,0000104_01968_d_0000063.jpg,lowcontrast,1360,765,112.18,87.27,25.62,low_contrast,not_usable
0000104_01968_d_0000063_noise.jpg,0000104_01968_d_0000063.jpg,noise,1360,765,1407.82,86.72,40.96,none,usable
0000104_01968_d_0000063_original.jpg,0000104_01968_d_0000063.jpg,original,1360,765,278.34,86.75,40.38,none,usable
0000104_02076_d_0000064_blur.jpg,0000104_02076_d_0000064.jpg,blur,1360,765,24.7,93.59,39.13,blurry,not_usable
0000104_02076_d_0000064_bright.jpg,0000104_02076_d_0000064.jpg,bright,1360,765,275.91,192.72,38.49,none,usable
0000104_02076_d_0000064_dark.jpg,0000104_02076_d_0000064.jpg,dark,1360,765,230.82,72.92,36.23,none,usable
0000104_02076_d_0000064_lowcontrast.jpg,0000104_02076_d_0000064.jpg,lowcontrast,1360,765,59.96,95.07,18.5,"blurry, low_contrast",not_usable
0000104_02076_d_0000064_noise.jpg,0000104_02076_d_0000064.jpg,noise,1360,765,1432.95,93.54,42.41,none,usable
0000104_02076_d_0000064_original.jpg,0000104_02076_d_0000064.jpg,original,1360,765,309.9,93.58,41.91,none,usable
0000104_02358_d_0000065_blur.jpg,0000104_02358_d_0000065.jpg,blur,1360,765,2.89,83.89,29.42,"blurry, low_contrast",not_usable
0000104_02358_d_0000065_bright.jpg,0000104_02358_d_0000065.jpg,bright,1360,765,272.55,144.64,40.68,none,usable
0000104_02358_d_0000065_dark.jpg,0000104_02358_d_0000065.jpg,dark,1360,765,114.86,52.89,26.46,"underexposed, low_contrast",not_usable
0000104_02358_d_0000065_lowcontrast.jpg,0000104_02358_d_0000065.jpg,lowcontrast,1360,765,41.06,85.07,16.04,"blurry, low_contrast",not_usable
0000104_02358_d_0000065_noise.jpg,0000104_02358_d_0000065.jpg,noise,1360,765,412.19,83.88,33.97,low_contrast,not_usable
0000104_02358_d_0000065_original.jpg,0000104_02358_d_0000065.jpg,original,1360,765,183.55,83.9,33.81,low_contrast,not_usable
0000104_02778_d_0000066_blur.jpg,0000104_02778_d_0000066.jpg,blur,1360,765,2.93,89.56,33.04,"blurry, low_contrast",not_usable
0000104_02778_d_0000066_bright.jpg,0000104_02778_d_0000066.jpg,bright,1360,765,265.38,193.0,42.44,none,usable
0000104_02778_d_0000066_dark.jpg,0000104_02778_d_0000066.jpg,dark,1360,765,117.11,57.83,27.33,"underexposed, low_contrast",not_usable
0000104_02778_d_0000066_lowcontrast.jpg,0000104_02778_d_0000066.jpg,lowcontrast,1360,765,50.7,89.43,18.18,"blurry, low_contrast",not_usable
0000104_02778_d_0000066_noise.jpg,0000104_02778_d_0000066.jpg,noise,1360,765,706.44,89.56,37.6,none,usable
0000104_02778_d_0000066_original.jpg,0000104_02778_d_0000066.jpg,original,1360,765,212.58,89.56,37.32,none,usable
0000104_03024_d_0000067_blur.jpg,0000104_03024_d_0000067.jpg,blur,1360,765,13.55,82.88,34.04,"blurry, low_contrast",not_usable
0000104_03024_d_0000067_bright.jpg,0000104_03024_d_0000067.jpg,bright,1360,765,178.31,140.47,38.97,none,usable
0000104_03024_d_0000067_dark.jpg,0000104_03024_d_0000067.jpg,dark,1360,765,116.04,52.84,31.08,"underexposed, low_contrast",not_usable
0000104_03024_d_0000067_lowcontrast.jpg,0000104_03024_d_0000067.jpg,lowcontrast,1360,765,21.91,82.78,12.67,"blurry, low_contrast",not_usable
0000104_03024_d_0000067_noise.jpg,0000104_03024_d_0000067.jpg,noise,1360,765,1492.76,82.88,36.59,none,usable
0000104_03024_d_0000067_original.jpg,0000104_03024_d_0000067.jpg,original,1360,765,152.37,82.88,35.73,none,usable
0000104_03451_d_0000068_blur.jpg,0000104_03451_d_0000068.jpg,blur,1360,765,4.09,87.29,29.59,"blurry, low_contrast",not_usable
0000104_03451_d_0000068_bright.jpg,0000104_03451_d_0000068.jpg,bright,1360,765,125.64,156.19,37.52,none,usable
0000104_03451_d_0000068_dark.jpg,0000104_03451_d_0000068.jpg,dark,1360,765,38.97,49.88,20.6,"blurry, underexposed, low_contrast",not_usable
0000104_03451_d_0000068_lowcontrast.jpg,0000104_03451_d_0000068.jpg,lowcontrast,1360,765,17.24,87.17,13.38,"blurry, low_contrast",not_usable
0000104_03451_d_0000068_noise.jpg,0000104_03451_d_0000068.jpg,noise,1360,765,1230.09,87.29,31.93,low_contrast,not_usable
0000104_03451_d_0000068_original.jpg,0000104_03451_d_0000068.jpg,original,1360,765,88.28,87.3,31.08,"blurry, low_contrast",not_usable
0000119_00050_d_0000078_blur.jpg,0000119_00050_d_0000078.jpg,blur,1360,765,3.05,39.45,29.11,"blurry, underexposed, low_contrast",not_usable
0000119_00050_d_0000078_bright.jpg,0000119_00050_d_0000078.jpg,bright,1360,765,208.58,71.78,35.45,none,usable
0000119_00050_d_0000078_dark.jpg,0000119_00050_d_0000078.jpg,dark,1360,765,117.18,27.4,26.0,"underexposed, low_contrast",not_usable
0000119_00050_d_0000078_lowcontrast.jpg,0000119_00050_d_0000078.jpg,lowcontrast,1360,765,41.72,38.85,15.61,"blurry, underexposed, low_contrast",not_usable
0000119_00050_d_0000078_noise.jpg,0000119_00050_d_0000078.jpg,noise,1360,765,378.56,39.61,31.97,"underexposed, low_contrast",not_usable
0000119_00050_d_0000078_original.jpg,0000119_00050_d_0000078.jpg,original,1360,765,172.07,39.46,31.91,"underexposed, low_contrast",not_usable
0000119_01199_d_0000081_blur.jpg,0000119_01199_d_0000081.jpg,blur,1360,765,2.75,52.21,35.68,"blurry, underexposed",not_usable
0000119_01199_d_0000081_bright.jpg,0000119_01199_d_0000081.jpg,bright,1360,765,232.51,131.69,44.04,none,usable
0000119_01199_d_0000081_dark.jpg,0000119_01199_d_0000081.jpg,dark,1360,765,89.37,22.79,23.95,"blurry, underexposed, low_contrast",not_usable
0000119_01199_d_0000081_lowcontrast.jpg,0000119_01199_d_0000081.jpg,lowcontrast,1360,765,22.06,56.43,12.08,"blurry, underexposed, low_contrast",not_usable
0000119_01199_d_0000081_noise.jpg,0000119_01199_d_0000081.jpg,noise,1360,765,408.47,52.22,38.26,underexposed,not_usable
0000119_01199_d_0000081_original.jpg,0000119_01199_d_0000081.jpg,original,1360,765,185.84,52.21,38.16,underexposed,not_usable
0000119_01590_d_0000082_blur.jpg,0000119_01590_d_0000082.jpg,blur,1360,765,4.59,60.79,38.28,blurry,not_usable
0000119_01590_d_0000082_bright.jpg,0000119_01590_d_0000082.jpg,bright,1360,765,383.21,114.92,48.65,none,usable
0000119_01590_d_0000082_dark.jpg,0000119_01590_d_0000082.jpg,dark,1360,765,134.96,25.72,26.28,"underexposed, low_contrast",not_usable
0000119_01590_d_0000082_lowcontrast.jpg,0000119_01590_d_0000082.jpg,lowcontrast,1360,765,41.22,64.07,14.39,"blurry, low_contrast",not_usable
0000119_01590_d_0000082_noise.jpg,0000119_01590_d_0000082.jpg,noise,1360,765,644.14,60.8,41.11,none,usable
0000119_01590_d_0000082_original.jpg,0000119_01590_d_0000082.jpg,original,1360,765,290.83,60.79,40.95,none,usable
0000119_02380_d_0000084_blur.jpg,0000119_02380_d_0000084.jpg,blur,1360,765,4.38,59.09,38.94,"blurry, underexposed",not_usable
0000119_02380_d_0000084_bright.jpg,0000119_02380_d_0000084.jpg,bright,1360,765,365.03,110.19,48.99,none,usable
0000119_02380_d_0000084_dark.jpg,0000119_02380_d_0000084.jpg,dark,1360,765,156.24,34.0,31.1,"underexposed, low_contrast",not_usable
0000119_02380_d_0000084_lowcontrast.jpg,0000119_02380_d_0000084.jpg,lowcontrast,1360,765,83.53,61.74,22.5,"blurry, low_contrast",not_usable
0000119_02380_d_0000084_noise.jpg,0000119_02380_d_0000084.jpg,noise,1360,765,614.92,59.1,41.57,underexposed,not_usable
0000119_02380_d_0000084_original.jpg,0000119_02380_d_0000084.jpg,original,1360,765,264.45,59.08,41.42,underexposed,not_usable
0000119_02790_d_0000085_blur.jpg,0000119_02790_d_0000085.jpg,blur,1360,765,6.99,64.8,41.92,blurry,not_usable
0000119_02790_d_0000085_bright.jpg,0000119_02790_d_0000085.jpg,bright,1360,765,300.43,159.56,45.82,none,usable
0000119_02790_d_0000085_dark.jpg,0000119_02790_d_0000085.jpg,dark,1360,765,232.4,42.98,37.31,underexposed,not_usable
0000119_02790_d_0000085_lowcontrast.jpg,0000119_02790_d_0000085.jpg,lowcontrast,1360,765,54.59,68.86,18.88,"blurry, low_contrast",not_usable
0000119_02790_d_0000085_noise.jpg,0000119_02790_d_0000085.jpg,noise,1360,765,1381.98,64.96,44.67,none,usable
0000119_02790_d_0000085_original.jpg,0000119_02790_d_0000085.jpg,original,1360,765,299.21,64.79,44.38,none,usable
0000119_03289_d_0000086_blur.jpg,0000119_03289_d_0000086.jpg,blur,1360,765,2.44,63.58,47.92,blurry,not_usable
0000119_03289_d_0000086_bright.jpg,0000119_03289_d_0000086.jpg,bright,1360,765,303.86,133.55,51.72,none,usable
0000119_03289_d_0000086_dark.jpg,0000119_03289_d_0000086.jpg,dark,1360,765,218.14,43.38,43.84,underexposed,not_usable
0000119_03289_d_0000086_lowcontrast.jpg,0000119_03289_d_0000086.jpg,lowcontrast,1360,765,117.43,65.28,31.97,low_contrast,not_usable
0000119_03289_d_0000086_noise.jpg,0000119_03289_d_0000086.jpg,noise,1360,765,911.19,63.63,50.74,none,usable
0000119_03289_d_0000086_original.jpg,0000119_03289_d_0000086.jpg,original,1360,765,293.85,63.59,50.52,none,usable
0000119_04777_d_0000089_blur.jpg,0000119_04777_d_0000089.jpg,blur,1360,765,11.04,66.64,46.84,blurry,not_usable
0000119_04777_d_0000089_bright.jpg,0000119_04777_d_0000089.jpg,bright,1360,765,403.78,145.79,49.71,none,usable
0000119_04777_d_0000089_dark.jpg,0000119_04777_d_0000089.jpg,dark,1360,765,252.25,44.74,39.82,underexposed,not_usable
0000119_04777_d_0000089_lowcontrast.jpg,0000119_04777_d_0000089.jpg,lowcontrast,1360,765,147.75,71.57,30.52,low_contrast,not_usable
0000119_04777_d_0000089_noise.jpg,0000119_04777_d_0000089.jpg,noise,1360,765,598.64,66.64,49.05,none,usable
0000119_04777_d_0000089_original.jpg,0000119_04777_d_0000089.jpg,original,1360,765,378.02,66.63,48.98,none,usable
0000119_05276_d_0000090_blur.jpg,0000119_05276_d_0000090.jpg,blur,1360,765,2.56,48.14,34.32,"blurry, underexposed, low_contrast",not_usable
0000119_05276_d_0000090_bright.jpg,0000119_05276_d_0000090.jpg,bright,1360,765,241.8,113.97,37.02,none,usable
0000119_05276_d_0000090_dark.jpg,0000119_05276_d_0000090.jpg,dark,1360,765,155.77,30.93,27.86,"underexposed, low_contrast",not_usable
0000119_05276_d_0000090_lowcontrast.jpg,0000119_05276_d_0000090.jpg,lowcontrast,1360,765,50.37,49.55,16.35,"blurry, underexposed, low_contrast",not_usable
0000119_05276_d_0000090_noise.jpg,0000119_05276_d_0000090.jpg,noise,1360,765,1222.03,48.76,37.52,underexposed,not_usable
0000119_05276_d_0000090_original.jpg,0000119_05276_d_0000090.jpg,original,1360,765,260.09,48.16,37.45,underexposed,not_usable
0000121_01466_d_0000110_blur.jpg,0000121_01466_d_0000110.jpg,blur,960,540,2.86,112.27,29.1,"blurry, low_contrast",not_usable
0000121_01466_d_0000110_bright.jpg,0000121_01466_d_0000110.jpg,bright,960,540,2950.91,215.75,35.68,overexposed,not_usable
0000121_01466_d_0000110_dark.jpg,0000121_01466_d_0000110.jpg,dark,960,540,1080.17,66.96,24.86,low_contrast,not_usable
0000121_01466_d_0000110_lowcontrast.jpg,0000121_01466_d_0000110.jpg,lowcontrast,960,540,552.64,108.93,17.84,low_contrast,not_usable
0000121_01466_d_0000110_noise.jpg,0000121_01466_d_0000110.jpg,noise,960,540,2994.32,112.25,37.17,none,usable
0000121_01466_d_0000110_original.jpg,0000121_01466_d_0000110.jpg,original,960,540,2508.53,112.27,36.94,none,usable
0000128_00022_d_0000125_blur.jpg,0000128_00022_d_0000125.jpg,blur,1920,1080,2.67,109.01,38.09,blurry,not_usable
0000128_00022_d_0000125_bright.jpg,0000128_00022_d_0000125.jpg,bright,1920,1080,975.23,214.49,44.87,overexposed,not_usable
0000128_00022_d_0000125_dark.jpg,0000128_00022_d_0000125.jpg,dark,1920,1080,365.1,63.91,29.05,low_contrast,not_usable
0000128_00022_d_0000125_lowcontrast.jpg,0000128_00022_d_0000125.jpg,lowcontrast,1920,1080,215.01,108.84,22.0,low_contrast,not_usable
0000128_00022_d_0000125_noise.jpg,0000128_00022_d_0000125.jpg,noise,1920,1080,2099.35,109.06,43.3,none,usable
0000128_00022_d_0000125_original.jpg,0000128_00022_d_0000125.jpg,original,1920,1080,771.29,109.02,42.64,none,usable
0000128_00228_d_0000126_blur.jpg,0000128_00228_d_0000126.jpg,blur,1920,1080,2.72,109.45,34.4,"blurry, low_contrast",not_usable
0000128_00228_d_0000126_bright.jpg,0000128_00228_d_0000126.jpg,bright,1920,1080,1381.51,168.62,48.43,none,usable
0000128_00228_d_0000126_dark.jpg,0000128_00228_d_0000126.jpg,dark,1920,1080,560.82,71.13,30.8,low_contrast,not_usable
0000128_00228_d_0000126_lowcontrast.jpg,0000128_00228_d_0000126.jpg,lowcontrast,1920,1080,373.7,109.4,25.8,low_contrast,not_usable
0000128_00228_d_0000126_noise.jpg,0000128_00228_d_0000126.jpg,noise,1920,1080,1318.93,109.45,41.03,none,usable
0000128_00228_d_0000126_original.jpg,0000128_00228_d_0000126.jpg,original,1920,1080,961.41,109.46,40.83,none,usable
0000128_00510_d_0000127_blur.jpg,0000128_00510_d_0000127.jpg,blur,1920,1080,4.71,100.38,37.63,blurry,not_usable
0000128_00510_d_0000127_bright.jpg,0000128_00510_d_0000127.jpg,bright,1920,1080,1384.84,192.29,53.6,none,usable
0000128_00510_d_0000127_dark.jpg,0000128_00510_d_0000127.jpg,dark,1920,1080,666.38,74.65,36.68,none,usable
0000128_00510_d_0000127_lowcontrast.jpg,0000128_00510_d_0000127.jpg,lowcontrast,1920,1080,286.78,100.25,23.29,low_contrast,not_usable
0000128_00510_d_0000127_noise.jpg,0000128_00510_d_0000127.jpg,noise,1920,1080,2026.92,100.43,43.3,none,usable
0000128_00510_d_0000127_original.jpg,0000128_00510_d_0000127.jpg,original,1920,1080,903.47,100.39,42.78,none,usable
0000128_00900_d_0000128_blur.jpg,0000128_00900_d_0000128.jpg,blur,1920,1080,3.79,103.57,35.94,blurry,not_usable
0000128_00900_d_0000128_bright.jpg,0000128_00900_d_0000128.jpg,bright,1920,1080,1404.93,153.99,47.95,none,usable
0000128_00900_d_0000128_dark.jpg,0000128_00900_d_0000128.jpg,dark,1920,1080,432.4,58.17,27.27,"underexposed, low_contrast",not_usable
0000128_00900_d_0000128_lowcontrast.jpg,0000128_00900_d_0000128.jpg,lowcontrast,1920,1080,195.35,102.95,18.46,low_contrast,not_usable
0000128_00900_d_0000128_noise.jpg,0000128_00900_d_0000128.jpg,noise,1920,1080,1837.21,103.59,42.24,none,usable
0000128_00900_d_0000128_original.jpg,0000128_00900_d_0000128.jpg,original,1920,1080,1052.83,103.58,41.85,none,usable
0000128_01836_d_0000130_blur.jpg,0000128_01836_d_0000130.jpg,blur,1920,1080,3.99,104.08,35.66,blurry,not_usable
0000128_01836_d_0000130_bright.jpg,0000128_01836_d_0000130.jpg,bright,1920,1080,1340.67,187.42,49.65,none,usable
0000128_01836_d_0000130_dark.jpg,0000128_01836_d_0000130.jpg,dark,1920,1080,479.25,63.01,29.88,low_contrast,not_usable
0000128_01836_d_0000130_lowcontrast.jpg,0000128_01836_d_0000130.jpg,lowcontrast,1920,1080,419.16,103.93,28.33,low_contrast,not_usable
0000128_01836_d_0000130_noise.jpg,0000128_01836_d_0000130.jpg,noise,1920,1080,1286.56,104.08,41.93,none,usable
0000128_01836_d_0000130_original.jpg,0000128_01836_d_0000130.jpg,original,1920,1080,928.17,104.09,41.74,none,usable
0000151_00030_d_0000132_blur.jpg,0000151_00030_d_0000132.jpg,blur,1920,1080,6.0,98.0,57.05,blurry,not_usable
0000151_00030_d_0000132_bright.jpg,0000151_00030_d_0000132.jpg,bright,1920,1080,1997.57,156.12,63.86,none,usable
0000151_00030_d_0000132_dark.jpg,0000151_00030_d_0000132.jpg,dark,1920,1080,860.8,76.35,50.16,none,usable
0000151_00030_d_0000132_lowcontrast.jpg,0000151_00030_d_0000132.jpg,lowcontrast,1920,1080,446.32,97.46,34.9,low_contrast,not_usable
0000151_00030_d_0000132_noise.jpg,0000151_00030_d_0000132.jpg,noise,1920,1080,2580.21,97.95,60.75,none,usable
0000151_00030_d_0000132_original.jpg,0000151_00030_d_0000132.jpg,original,1920,1080,1281.66,98.0,60.48,none,usable
0000151_00348_d_0000133_blur.jpg,0000151_00348_d_0000133.jpg,blur,1920,1080,2.84,131.61,54.45,blurry,not_usable
0000151_00348_d_0000133_bright.jpg,0000151_00348_d_0000133.jpg,bright,1920,1080,2046.24,192.99,55.13,none,usable
0000151_00348_d_0000133_dark.jpg,0000151_00348_d_0000133.jpg,dark,1920,1080,1132.55,93.75,50.24,none,usable
0000151_00348_d_0000133_lowcontrast.jpg,0000151_00348_d_0000133.jpg,lowcontrast,1920,1080,575.75,130.35,34.25,low_contrast,not_usable
0000151_00348_d_0000133_noise.jpg,0000151_00348_d_0000133.jpg,noise,1920,1080,2421.21,131.55,59.54,none,usable
0000151_00348_d_0000133_original.jpg,0000151_00348_d_0000133.jpg,original,1920,1080,1650.9,131.61,59.37,none,usable
0000151_01134_d_0000135_blur.jpg,0000151_01134_d_0000135.jpg,blur,1920,1080,3.57,127.5,58.28,blurry,not_usable
0000151_01134_d_0000135_bright.jpg,0000151_01134_d_0000135.jpg,bright,1920,1080,1366.11,207.05,49.42,overexposed,not_usable
0000151_01134_d_0000135_dark.jpg,0000151_01134_d_0000135.jpg,dark,1920,1080,703.76,88.98,47.63,none,usable
0000151_01134_d_0000135_lowcontrast.jpg,0000151_01134_d_0000135.jpg,lowcontrast,1920,1080,335.46,126.76,32.22,low_contrast,not_usable
0000151_01134_d_0000135_noise.jpg,0000151_01134_d_0000135.jpg,noise,1920,1080,2088.83,127.39,62.09,none,usable
0000151_01134_d_0000135_original.jpg,0000151_01134_d_0000135.jpg,original,1920,1080,1164.21,127.5,61.98,none,usable
0000151_01569_d_0000136_blur.jpg,0000151_01569_d_0000136.jpg,blur,1920,1080,2.67,129.11,56.69,blurry,not_usable
0000151_01569_d_0000136_bright.jpg,0000151_01569_d_0000136.jpg,bright,1920,1080,1322.85,203.48,49.87,overexposed,not_usable
0000151_01569_d_0000136_dark.jpg,0000151_01569_d_0000136.jpg,dark,1920,1080,636.24,80.7,43.59,none,usable
0000151_01569_d_0000136_lowcontrast.jpg,0000151_01569_d_0000136.jpg,lowcontrast,1920,1080,188.47,127.89,22.94,low_contrast,not_usable
0000151_01569_d_0000136_noise.jpg,0000151_01569_d_0000136.jpg,noise,1920,1080,1577.88,129.08,60.85,none,usable
0000151_01569_d_0000136_original.jpg,0000151_01569_d_0000136.jpg,original,1920,1080,1227.39,129.1,60.78,none,usable
0000151_02567_d_0000138_blur.jpg,0000151_02567_d_0000138.jpg,blur,1920,1080,7.93,125.56,57.08,blurry,not_usable
0000151_02567_d_0000138_bright.jpg,0000151_02567_d_0000138.jpg,bright,1920,1080,1273.0,195.79,53.63,none,usable
0000151_02567_d_0000138_dark.jpg,0000151_02567_d_0000138.jpg,dark,1920,1080,528.24,82.64,41.8,none,usable
0000151_02567_d_0000138_lowcontrast.jpg,0000151_02567_d_0000138.jpg,lowcontrast,1920,1080,515.47,124.99,41.36,none,usable
0000151_02567_d_0000138_noise.jpg,0000151_02567_d_0000138.jpg,noise,1920,1080,1866.88,125.49,60.06,none,usable
0000151_02567_d_0000138_original.jpg,0000151_02567_d_0000138.jpg,original,1920,1080,1095.07,125.56,59.89,none,usable
0000151_03491_d_0000140_blur.jpg,0000151_03491_d_0000140.jpg,blur,1920,1080,12.34,120.43,57.59,blurry,not_usable
0000151_03491_d_0000140_bright.jpg,0000151_03491_d_0000140.jpg,bright,1920,1080,1220.38,166.44,56.95,none,usable
0000151_03491_d_0000140_dark.jpg,0000151_03491_d_0000140.jpg,dark,1920,1080,667.43,92.36,51.42,none,usable
0000151_03491_d_0000140_lowcontrast.jpg,0000151_03491_d_0000140.jpg,lowcontrast,1920,1080,160.95,119.47,25.22,low_contrast,not_usable
0000151_03491_d_0000140_noise.jpg,0000151_03491_d_0000140.jpg,noise,1920,1080,1419.38,120.39,60.05,none,usable
0000151_03491_d_0000140_original.jpg,0000151_03491_d_0000140.jpg,original,1920,1080,936.06,120.43,59.95,none,usable
0000151_03986_d_0000141_blur.jpg,0000151_03986_d_0000141.jpg,blur,1920,1080,3.91,114.93,59.9,blurry,not_usable
0000151_03986_d_0000141_bright.jpg,0000151_03986_d_0000141.jpg,bright,1920,1080,1086.18,197.76,57.9,none,usable
0000151_03986_d_0000141_dark.jpg,0000151_03986_d_0000141.jpg,dark,1920,1080,335.22,57.58,40.6,underexposed,not_usable
0000151_03986_d_0000141_lowcontrast.jpg,0000151_03986_d_0000141.jpg,lowcontrast,1920,1080,366.84,114.57,42.37,none,usable
0000151_03986_d_0000141_noise.jpg,0000151_03986_d_0000141.jpg,noise,1920,1080,2116.23,114.82,62.82,none,usable
0000151_03986_d_0000141_original.jpg,0000151_03986_d_0000141.jpg,original,1920,1080,819.12,114.94,62.57,none,usable
0000151_04331_d_0000142_blur.jpg,0000151_04331_d_0000142.jpg,blur,1920,1080,12.74,109.9,67.17,blurry,not_usable
0000151_04331_d_0000142_bright.jpg,0000151_04331_d_0000142.jpg,bright,1920,1080,1190.41,173.85,64.63,none,usable
0000151_04331_d_0000142_dark.jpg,0000151_04331_d_0000142.jpg,dark,1920,1080,615.49,84.44,60.05,none,usable
0000151_04331_d_0000142_lowcontrast.jpg,0000151_04331_d_0000142.jpg,lowcontrast,1920,1080,153.0,109.05,30.21,low_contrast,not_usable
0000151_04331_d_0000142_noise.jpg,0000151_04331_d_0000142.jpg,noise,1920,1080,1067.74,109.88,69.27,none,usable
0000151_04331_d_0000142_original.jpg,0000151_04331_d_0000142.jpg,original,1920,1080,842.3,109.9,69.24,none,usable
0000168_00006_d_0000166_blur.jpg,0000168_00006_d_0000166.jpg,blur,1920,1080,7.67,90.99,54.51,blurry,not_usable
0000168_00006_d_0000166_bright.jpg,0000168_00006_d_0000166.jpg,bright,1920,1080,2159.41,125.44,64.54,none,usable
0000168_00006_d_0000166_dark.jpg,0000168_00006_d_0000166.jpg,dark,1920,1080,1367.45,75.63,54.51,none,usable
0000168_00006_d_0000166_lowcontrast.jpg,0000168_00006_d_0000166.jpg,lowcontrast,1920,1080,353.59,89.81,28.36,low_contrast,not_usable
0000168_00006_d_0000166_noise.jpg,0000168_00006_d_0000166.jpg,noise,1920,1080,2123.62,91.0,61.71,none,usable
0000168_00006_d_0000166_original.jpg,0000168_00006_d_0000166.jpg,original,1920,1080,1780.46,90.99,61.63,none,usable
0000168_00312_d_0000167_blur.jpg,0000168_00312_d_0000167.jpg,blur,1920,1080,45.08,93.27,57.4,blurry,not_usable
0000168_00312_d_0000167_bright.jpg,0000168_00312_d_0000167.jpg,bright,1920,1080,1962.12,137.7,63.67,none,usable
0000168_00312_d_0000167_dark.jpg,0000168_00312_d_0000167.jpg,dark,1920,1080,764.53,53.46,42.18,underexposed,not_usable
0000168_00312_d_0000167_lowcontrast.jpg,0000168_00312_d_0000167.jpg,lowcontrast,1920,1080,230.99,91.61,21.53,low_contrast,not_usable
0000168_00312_d_0000167_noise.jpg,0000168_00312_d_0000167.jpg,noise,1920,1080,2783.9,93.27,61.97,none,usable
0000168_00312_d_0000167_original.jpg,0000168_00312_d_0000167.jpg,original,1920,1080,1692.14,93.27,61.75,none,usable
0000168_00804_d_0000168_blur.jpg,0000168_00804_d_0000168.jpg,blur,1920,1080,10.25,109.89,55.73,blurry,not_usable
0000168_00804_d_0000168_bright.jpg,0000168_00804_d_0000168.jpg,bright,1920,1080,1972.88,176.24,60.16,none,usable
0000168_00804_d_0000168_dark.jpg,0000168_00804_d_0000168.jpg,dark,1920,1080,1197.75,84.86,52.18,none,usable
0000168_00804_d_0000168_lowcontrast.jpg,0000168_00804_d_0000168.jpg,lowcontrast,1920,1080,298.24,107.86,25.98,low_contrast,not_usable
0000168_00804_d_0000168_noise.jpg,0000168_00804_d_0000168.jpg,noise,1920,1080,2825.14,109.88,62.19,none,usable
0000168_00804_d_0000168_original.jpg,0000168_00804_d_0000168.jpg,original,1920,1080,1731.56,109.89,61.98,none,usable
0000168_01272_d_0000169_blur.jpg,0000168_01272_d_0000169.jpg,blur,1920,1080,8.1,89.33,57.24,blurry,not_usable
0000168_01272_d_0000169_bright.jpg,0000168_01272_d_0000169.jpg,bright,1920,1080,2106.35,170.27,57.84,none,usable
0000168_01272_d_0000169_dark.jpg,0000168_01272_d_0000169.jpg,dark,1920,1080,1075.16,53.34,49.54,underexposed,not_usable
0000168_01272_d_0000169_lowcontrast.jpg,0000168_01272_d_0000169.jpg,lowcontrast,1920,1080,240.73,87.66,21.93,low_contrast,not_usable
0000168_01272_d_0000169_noise.jpg,0000168_01272_d_0000169.jpg,noise,1920,1080,2418.51,89.34,64.46,none,usable
0000168_01272_d_0000169_original.jpg,0000168_01272_d_0000169.jpg,original,1920,1080,1814.34,89.33,64.37,none,usable
0000168_01491_d_0000170_blur.jpg,0000168_01491_d_0000170.jpg,blur,1920,1080,11.93,99.27,62.26,blurry,not_usable
0000168_01491_d_0000170_bright.jpg,0000168_01491_d_0000170.jpg,bright,1920,1080,2334.06,140.77,69.99,none,usable
0000168_01491_d_0000170_dark.jpg,0000168_01491_d_0000170.jpg,dark,1920,1080,960.09,54.89,47.57,underexposed,not_usable
0000168_01491_d_0000170_lowcontrast.jpg,0000168_01491_d_0000170.jpg,lowcontrast,1920,1080,570.35,97.94,35.96,none,usable
0000168_01491_d_0000170_noise.jpg,0000168_01491_d_0000170.jpg,noise,1920,1080,2447.51,99.28,68.98,none,usable
0000168_01491_d_0000170_original.jpg,0000168_01491_d_0000170.jpg,original,1920,1080,1982.83,99.28,68.95,none,usable
0000168_01963_d_0000171_blur.jpg,0000168_01963_d_0000171.jpg,blur,1920,1080,46.28,107.69,61.42,blurry,not_usable
0000168_01963_d_0000171_bright.jpg,0000168_01963_d_0000171.jpg,bright,1920,1080,2075.85,156.42,65.34,none,usable
0000168_01963_d_0000171_dark.jpg,0000168_01963_d_0000171.jpg,dark,1920,1080,1029.99,76.05,49.33,none,usable
0000168_01963_d_0000171_lowcontrast.jpg,0000168_01963_d_0000171.jpg,lowcontrast,1920,1080,302.28,106.1,27.29,low_contrast,not_usable
0000168_01963_d_0000171_noise.jpg,0000168_01963_d_0000171.jpg,noise,1920,1080,2530.03,107.64,65.73,none,usable
0000168_01963_d_0000171_original.jpg,0000168_01963_d_0000171.jpg,original,1920,1080,1778.8,107.69,65.64,none,usable
0000168_03306_d_0000174_blur.jpg,0000168_03306_d_0000174.jpg,blur,1920,1080,3.98,111.56,62.3,blurry,not_usable
0000168_03306_d_0000174_bright.jpg,0000168_03306_d_0000174.jpg,bright,1920,1080,1796.18,197.98,54.32,none,usable
0000168_03306_d_0000174_dark.jpg,0000168_03306_d_0000174.jpg,dark,1920,1080,742.92,62.14,45.72,none,usable
0000168_03306_d_0000174_lowcontrast.jpg,0000168_03306_d_0000174.jpg,lowcontrast,1920,1080,672.67,109.26,42.88,none,usable
0000168_03306_d_0000174_noise.jpg,0000168_03306_d_0000174.jpg,noise,1920,1080,2375.65,111.53,69.5,none,usable
0000168_03306_d_0000174_original.jpg,0000168_03306_d_0000174.jpg,original,1920,1080,1777.75,111.56,69.48,none,usable
0000168_03535_d_0000175_blur.jpg,0000168_03535_d_0000175.jpg,blur,1920,1080,4.13,134.41,52.89,blurry,not_usable
0000168_03535_d_0000175_bright.jpg,0000168_03535_d_0000175.jpg,bright,1920,1080,1068.03,224.2,41.98,overexposed,not_usable
0000168_03535_d_0000175_dark.jpg,0000168_03535_d_0000175.jpg,dark,1920,1080,571.01,78.5,39.76,none,usable
0000168_03535_d_0000175_lowcontrast.jpg,0000168_03535_d_0000175.jpg,lowcontrast,1920,1080,217.16,131.67,24.09,low_contrast,not_usable
0000168_03535_d_0000175_noise.jpg,0000168_03535_d_0000175.jpg,noise,1920,1080,1781.56,134.38,59.29,none,usable
0000168_03535_d_0000175_original.jpg,0000168_03535_d_0000175.jpg,original,1920,1080,1303.22,134.4,59.19,none,usable
0000185_00069_d_0000183_blur.jpg,0000185_00069_d_0000183.jpg,blur,960,540,12.31,123.66,75.69,blurry,not_usable
0000185_00069_d_0000183_bright.jpg,0000185_00069_d_0000183.jpg,bright,960,540,956.02,200.72,58.58,overexposed,not_usable
0000185_00069_d_0000183_dark.jpg,0000185_00069_d_0000183.jpg,dark,960,540,333.7,71.65,51.05,none,usable
0000185_00069_d_0000183_lowcontrast.jpg,0000185_00069_d_0000183.jpg,lowcontrast,960,540,241.73,122.42,40.88,none,usable
0000185_00069_d_0000183_noise.jpg,0000185_00069_d_0000183.jpg,noise,960,540,1558.87,123.59,77.45,none,usable
0000185_00069_d_0000183_original.jpg,0000185_00069_d_0000183.jpg,original,960,540,804.0,123.66,77.44,none,usable
0000185_00504_d_0000184_blur.jpg,0000185_00504_d_0000184.jpg,blur,960,540,2.65,114.17,73.39,blurry,not_usable
0000185_00504_d_0000184_bright.jpg,0000185_00504_d_0000184.jpg,bright,960,540,1351.11,199.14,57.26,none,usable
0000185_00504_d_0000184_dark.jpg,0000185_00504_d_0000184.jpg,dark,960,540,476.06,67.37,51.49,none,usable
0000185_00504_d_0000184_lowcontrast.jpg,0000185_00504_d_0000184.jpg,lowcontrast,960,540,180.0,112.69,31.4,low_contrast,not_usable
0000185_00504_d_0000184_noise.jpg,0000185_00504_d_0000184.jpg,noise,960,540,2356.0,114.2,76.75,none,usable
0000185_00504_d_0000184_original.jpg,0000185_00504_d_0000184.jpg,original,960,540,1082.76,114.17,76.65,none,usable
0000185_01003_d_0000185_blur.jpg,0000185_01003_d_0000185.jpg,blur,960,540,3.01,114.72,66.56,blurry,not_usable
0000185_01003_d_0000185_bright.jpg,0000185_01003_d_0000185.jpg,bright,960,540,1717.96,199.91,57.68,none,usable
0000185_01003_d_0000185_dark.jpg,0000185_01003_d_0000185.jpg,dark,960,540,462.41,59.24,45.71,underexposed,not_usable
0000185_01003_d_0000185_lowcontrast.jpg,0000185_01003_d_0000185.jpg,lowcontrast,960,540,199.78,113.66,30.4,low_contrast,not_usable
0000185_01003_d_0000185_noise.jpg,0000185_01003_d_0000185.jpg,noise,960,540,1894.98,114.74,70.91,none,usable
0000185_01003_d_0000185_original.jpg,0000185_01003_d_0000185.jpg,original,960,540,1132.33,114.72,70.74,none,usable
0000185_01401_d_0000186_blur.jpg,0000185_01401_d_0000186.jpg,blur,960,540,31.08,127.87,66.41,blurry,not_usable
0000185_01401_d_0000186_bright.jpg,0000185_01401_d_0000186.jpg,bright,960,540,1396.4,210.29,53.14,overexposed,not_usable
0000185_01401_d_0000186_dark.jpg,0000185_01401_d_0000186.jpg,dark,960,540,492.84,66.84,45.51,none,usable
0000185_01401_d_0000186_lowcontrast.jpg,0000185_01401_d_0000186.jpg,lowcontrast,960,540,452.32,127.12,43.32,none,usable
0000185_01401_d_0000186_noise.jpg,0000185_01401_d_0000186.jpg,noise,960,540,1392.0,127.82,69.05,none,usable
0000185_01401_d_0000186_original.jpg,0000185_01401_d_0000186.jpg,original,960,540,1169.06,127.87,69.02,none,usable
0000188_00642_d_0000195_blur.jpg,0000188_00642_d_0000195.jpg,blur,960,540,8.48,98.09,63.86,blurry,not_usable
0000188_00642_d_0000195_bright.jpg,0000188_00642_d_0000195.jpg,bright,960,540,1803.59,157.83,70.41,none,usable
0000188_00642_d_0000195_dark.jpg,0000188_00642_d_0000195.jpg,dark,960,540,538.25,69.37,50.87,none,usable
0000188_00642_d_0000195_lowcontrast.jpg,0000188_00642_d_0000195.jpg,lowcontrast,960,540,442.19,97.67,46.42,none,usable
0000188_00642_d_0000195_noise.jpg,0000188_00642_d_0000195.jpg,noise,960,540,2026.17,98.19,66.74,none,usable
0000188_00642_d_0000195_original.jpg,0000188_00642_d_0000195.jpg,original,960,540,903.84,98.1,66.4,none,usable
0000188_00822_d_0000196_blur.jpg,0000188_00822_d_0000196.jpg,blur,960,540,2.22,92.83,33.72,"blurry, low_contrast",not_usable
0000188_00822_d_0000196_bright.jpg,0000188_00822_d_0000196.jpg,bright,960,540,649.01,155.51,44.95,none,usable
0000188_00822_d_0000196_dark.jpg,0000188_00822_d_0000196.jpg,dark,960,540,358.11,77.86,33.35,low_contrast,not_usable
0000188_00822_d_0000196_lowcontrast.jpg,0000188_00822_d_0000196.jpg,lowcontrast,960,540,82.2,91.92,16.05,"blurry, low_contrast",not_usable
0000188_00822_d_0000196_noise.jpg,0000188_00822_d_0000196.jpg,noise,960,540,813.48,92.83,37.66,none,usable
0000188_00822_d_0000196_original.jpg,0000188_00822_d_0000196.jpg,original,960,540,462.54,92.84,37.49,none,usable
0000188_00960_d_0000197_blur.jpg,0000188_00960_d_0000197.jpg,blur,960,540,4.05,105.85,22.34,"blurry, low_contrast",not_usable
0000188_00960_d_0000197_bright.jpg,0000188_00960_d_0000197.jpg,bright,960,540,332.08,207.1,25.81,"overexposed, low_contrast",not_usable
0000188_00960_d_0000197_dark.jpg,0000188_00960_d_0000197.jpg,dark,960,540,155.29,72.46,18.14,low_contrast,not_usable
0000188_00960_d_0000197_lowcontrast.jpg,0000188_00960_d_0000197.jpg,lowcontrast,960,540,57.24,105.52,11.38,"blurry, low_contrast",not_usable
0000188_00960_d_0000197_noise.jpg,0000188_00960_d_0000197.jpg,noise,960,540,511.64,105.82,25.0,low_contrast,not_usable
0000188_00960_d_0000197_original.jpg,0000188_00960_d_0000197.jpg,original,960,540,281.38,105.85,24.76,low_contrast,not_usable
0000191_00023_d_0000203_blur.jpg,0000191_00023_d_0000203.jpg,blur,960,540,2.85,95.02,36.47,blurry,not_usable
0000191_00023_d_0000203_bright.jpg,0000191_00023_d_0000203.jpg,bright,960,540,1047.28,184.17,48.79,none,usable
0000191_00023_d_0000203_dark.jpg,0000191_00023_d_0000203.jpg,dark,960,540,349.11,52.26,27.55,"underexposed, low_contrast",not_usable
0000191_00023_d_0000203_lowcontrast.jpg,0000191_00023_d_0000203.jpg,lowcontrast,960,540,162.51,94.45,19.38,low_contrast,not_usable
0000191_00023_d_0000203_noise.jpg,0000191_00023_d_0000203.jpg,noise,960,540,1043.63,95.02,42.18,none,usable
0000191_00023_d_0000203_original.jpg,0000191_00023_d_0000203.jpg,original,960,540,818.17,95.04,42.08,none,usable
0000191_00369_d_0000204_blur.jpg,0000191_00369_d_0000204.jpg,blur,960,540,2.82,92.45,39.53,blurry,not_usable
0000191_00369_d_0000204_bright.jpg,0000191_00369_d_0000204.jpg,bright,960,540,1119.95,177.57,54.14,none,usable
0000191_00369_d_0000204_dark.jpg,0000191_00369_d_0000204.jpg,dark,960,540,439.58,56.08,32.78,"underexposed, low_contrast",not_usable
0000191_00369_d_0000204_lowcontrast.jpg,0000191_00369_d_0000204.jpg,lowcontrast,960,540,288.57,91.18,26.79,low_contrast,not_usable
0000191_00369_d_0000204_noise.jpg,0000191_00369_d_0000204.jpg,noise,960,540,2098.92,92.53,45.02,none,usable
0000191_00369_d_0000204_original.jpg,0000191_00369_d_0000204.jpg,original,960,540,786.89,92.46,44.43,none,usable
0000191_01758_d_0000207_blur.jpg,0000191_01758_d_0000207.jpg,blur,960,540,31.69,102.06,55.61,blurry,not_usable
0000191_01758_d_0000207_bright.jpg,0000191_01758_d_0000207.jpg,bright,960,540,2031.43,181.2,62.13,none,usable
0000191_01758_d_0000207_dark.jpg,0000191_01758_d_0000207.jpg,dark,960,540,571.2,56.43,40.11,underexposed,not_usable
0000191_01758_d_0000207_lowcontrast.jpg,0000191_01758_d_0000207.jpg,lowcontrast,960,540,519.14,100.72,38.35,none,usable
0000191_01758_d_0000207_noise.jpg,0000191_01758_d_0000207.jpg,noise,960,540,2578.17,102.16,59.18,none,usable
0000191_01758_d_0000207_original.jpg,0000191_01758_d_0000207.jpg,original,960,540,1276.45,102.07,58.78,none,usable
0000191_03064_d_0000210_blur.jpg,0000191_03064_d_0000210.jpg,blur,960,540,16.66,104.6,46.06,blurry,not_usable
0000191_03064_d_0000210_bright.jpg,0000191_03064_d_0000210.jpg,bright,960,540,1995.07,177.48,59.35,none,usable
0000191_03064_d_0000210_dark.jpg,0000191_03064_d_0000210.jpg,dark,960,540,505.96,56.24,32.1,"underexposed, low_contrast",not_usable
0000191_03064_d_0000210_lowcontrast.jpg,0000191_03064_d_0000210.jpg,lowcontrast,960,540,361.48,103.52,26.1,low_contrast,not_usable
0000191_03064_d_0000210_noise.jpg,0000191_03064_d_0000210.jpg,noise,960,540,2373.67,104.68,50.5,none,usable
0000191_03064_d_0000210_original.jpg,0000191_03064_d_0000210.jpg,original,960,540,1255.94,104.6,50.07,none,usable
0000231_00500_d_0000002_blur.jpg,0000231_00500_d_0000002.jpg,blur,1920,1080,15.08,134.01,50.69,blurry,not_usable
0000231_00500_d_0000002_bright.jpg,0000231_00500_d_0000002.jpg,bright,1920,1080,1407.18,191.02,58.71,none,usable
0000231_00500_d_0000002_dark.jpg,0000231_00500_d_0000002.jpg,dark,1920,1080,508.71,77.73,37.89,none,usable
0000231_00500_d_0000002_lowcontrast.jpg,0000231_00500_d_0000002.jpg,lowcontrast,1920,1080,350.87,133.07,30.15,low_contrast,not_usable
0000231_00500_d_0000002_noise.jpg,0000231_00500_d_0000002.jpg,noise,1920,1080,1540.82,134.02,54.07,none,usable
0000231_00500_d_0000002_original.jpg,0000231_00500_d_0000002.jpg,original,1920,1080,1048.15,134.01,53.86,none,usable
0000231_01000_d_0000003_blur.jpg,0000231_01000_d_0000003.jpg,blur,1920,1080,2.91,152.67,45.55,blurry,not_usable
0000231_01000_d_0000003_bright.jpg,0000231_01000_d_0000003.jpg,bright,1920,1080,1107.2,216.86,44.77,overexposed,not_usable
0000231_01000_d_0000003_dark.jpg,0000231_01000_d_0000003.jpg,dark,1920,1080,747.05,123.83,44.56,none,usable
0000231_01000_d_0000003_lowcontrast.jpg,0000231_01000_d_0000003.jpg,lowcontrast,1920,1080,195.33,151.68,23.53,low_contrast,not_usable
0000231_01000_d_0000003_noise.jpg,0000231_01000_d_0000003.jpg,noise,1920,1080,2284.54,152.6,50.97,none,usable
0000231_01000_d_0000003_original.jpg,0000231_01000_d_0000003.jpg,original,1920,1080,970.0,152.66,50.47,none,usable
0000231_01500_d_0000004_blur.jpg,0000231_01500_d_0000004.jpg,blur,1920,1080,2.52,138.77,46.03,blurry,not_usable
0000231_01500_d_0000004_bright.jpg,0000231_01500_d_0000004.jpg,bright,1920,1080,709.82,227.45,37.47,overexposed,not_usable
0000231_01500_d_0000004_dark.jpg,0000231_01500_d_0000004.jpg,dark,1920,1080,387.06,82.68,35.42,none,usable
0000231_01500_d_0000004_lowcontrast.jpg,0000231_01500_d_0000004.jpg,lowcontrast,1920,1080,245.28,138.12,27.0,low_contrast,not_usable
0000231_01500_d_0000004_noise.jpg,0000231_01500_d_0000004.jpg,noise,1920,1080,1269.21,138.77,50.2,none,usable
0000231_01500_d_0000004_original.jpg,0000231_01500_d_0000004.jpg,original,1920,1080,774.84,138.76,49.97,none,usable
0000231_02000_d_0000005_blur.jpg,0000231_02000_d_0000005.jpg,blur,1920,1080,12.21,135.32,47.75,blurry,not_usable
0000231_02000_d_0000005_bright.jpg,0000231_02000_d_0000005.jpg,bright,1920,1080,833.71,219.38,42.07,overexposed,not_usable
0000231_02000_d_0000005_dark.jpg,0000231_02000_d_0000005.jpg,dark,1920,1080,430.02,90.28,36.29,none,usable
0000231_02000_d_0000005_lowcontrast.jpg,0000231_02000_d_0000005.jpg,lowcontrast,1920,1080,212.69,134.77,25.46,low_contrast,not_usable
0000231_02000_d_0000005_noise.jpg,0000231_02000_d_0000005.jpg,noise,1920,1080,1046.75,135.31,50.61,none,usable
0000231_02000_d_0000005_original.jpg,0000231_02000_d_0000005.jpg,original,1920,1080,818.67,135.32,50.5,none,usable
0000231_02500_d_0000006_blur.jpg,0000231_02500_d_0000006.jpg,blur,1920,1080,4.98,110.9,38.02,blurry,not_usable
0000231_02500_d_0000006_bright.jpg,0000231_02500_d_0000006.jpg,bright,1920,1080,1468.74,199.34,49.22,none,usable
0000231_02500_d_0000006_dark.jpg,0000231_02500_d_0000006.jpg,dark,1920,1080,715.84,87.22,36.0,none,usable
0000231_02500_d_0000006_lowcontrast.jpg,0000231_02500_d_0000006.jpg,lowcontrast,1920,1080,297.79,109.58,22.37,low_contrast,not_usable
0000231_02500_d_0000006_noise.jpg,0000231_02500_d_0000006.jpg,noise,1920,1080,2010.89,110.9,43.83,none,usable
0000231_02500_d_0000006_original.jpg,0000231_02500_d_0000006.jpg,original,1920,1080,1059.47,110.9,43.33,none,usable
0000231_03500_d_0000008_blur.jpg,0000231_03500_d_0000008.jpg,blur,1920,1080,3.49,156.57,48.05,blurry,not_usable
0000231_03500_d_0000008_bright.jpg,0000231_03500_d_0000008.jpg,bright,1920,1080,971.68,219.12,42.82,overexposed,not_usable
0000231_03500_d_0000008_dark.jpg,0000231_03500_d_0000008.jpg,dark,1920,1080,558.27,115.34,40.94,none,usable
0000231_03500_d_0000008_lowcontrast.jpg,0000231_03500_d_0000008.jpg,lowcontrast,1920,1080,357.99,155.94,33.68,low_contrast,not_usable
0000231_03500_d_0000008_noise.jpg,0000231_03500_d_0000008.jpg,noise,1920,1080,1513.89,156.53,52.21,none,usable
0000231_03500_d_0000008_original.jpg,0000231_03500_d_0000008.jpg,original,1920,1080,884.28,156.56,51.99,none,usable
0000231_04000_d_0000009_blur.jpg,0000231_04000_d_0000009.jpg,blur,1920,1080,2.92,156.13,42.76,blurry,not_usable
0000231_04000_d_0000009_bright.jpg,0000231_04000_d_0000009.jpg,bright,1920,1080,807.76,225.69,34.85,"overexposed, low_contrast",not_usable
0000231_04000_d_0000009_dark.jpg,0000231_04000_d_0000009.jpg,dark,1920,1080,470.87,103.61,33.39,low_contrast,not_usable
0000231_04000_d_0000009_lowcontrast.jpg,0000231_04000_d_0000009.jpg,lowcontrast,1920,1080,220.1,155.4,23.07,low_contrast,not_usable
0000231_04000_d_0000009_noise.jpg,0000231_04000_d_0000009.jpg,noise,1920,1080,2052.97,156.08,47.6,none,usable
0000231_04000_d_0000009_original.jpg,0000231_04000_d_0000009.jpg,original,1920,1080,932.89,156.13,47.15,none,usable
0000231_04500_d_0000010_blur.jpg,0000231_04500_d_0000010.jpg,blur,1920,1080,3.42,115.35,40.81,blurry,not_usable
0000231_04500_d_0000010_bright.jpg,0000231_04500_d_0000010.jpg,bright,1920,1080,1583.03,169.15,55.76,none,usable
0000231_04500_d_0000010_dark.jpg,0000231_04500_d_0000010.jpg,dark,1920,1080,822.84,87.69,41.51,none,usable
0000231_04500_d_0000010_lowcontrast.jpg,0000231_04500_d_0000010.jpg,lowcontrast,1920,1080,148.39,114.13,16.39,low_contrast,not_usable
0000231_04500_d_0000010_noise.jpg,0000231_04500_d_0000010.jpg,noise,1920,1080,1994.35,115.37,47.03,none,usable
0000231_04500_d_0000010_original.jpg,0000231_04500_d_0000010.jpg,original,1920,1080,1050.91,115.35,46.6,none,usable
0000231_05000_d_0000011_blur.jpg,0000231_05000_d_0000011.jpg,blur,1920,1080,14.52,133.88,50.23,blurry,not_usable
0000231_05000_d_0000011_bright.jpg,0000231_05000_d_0000011.jpg,bright,1920,1080,939.76,215.08,41.87,overexposed,not_usable
0000231_05000_d_0000011_dark.jpg,0000231_05000_d_0000011.jpg,dark,1920,1080,770.55,110.28,46.32,none,usable
0000231_05000_d_0000011_lowcontrast.jpg,0000231_05000_d_0000011.jpg,lowcontrast,1920,1080,235.02,132.78,25.77,low_contrast,not_usable
0000231_05000_d_0000011_noise.jpg,0000231_05000_d_0000011.jpg,noise,1920,1080,1535.87,133.87,53.57,none,usable
0000231_05000_d_0000011_original.jpg,0000231_05000_d_0000011.jpg,original,1920,1080,1046.28,133.88,53.37,none,usable
0000231_05500_d_0000012_blur.jpg,0000231_05500_d_0000012.jpg,blur,1920,1080,3.3,107.33,41.38,blurry,not_usable
0000231_05500_d_0000012_bright.jpg,0000231_05500_d_0000012.jpg,bright,1920,1080,1156.17,188.02,47.37,none,usable
0000231_05500_d_0000012_dark.jpg,0000231_05500_d_0000012.jpg,dark,1920,1080,751.6,77.28,40.45,none,usable
0000231_05500_d_0000012_lowcontrast.jpg,0000231_05500_d_0000012.jpg,lowcontrast,1920,1080,486.74,106.52,32.24,low_contrast,not_usable
0000231_05500_d_0000012_noise.jpg,0000231_05500_d_0000012.jpg,noise,1920,1080,1996.17,107.34,47.35,none,usable
0000231_05500_d_0000012_original.jpg,0000231_05500_d_0000012.jpg,original,1920,1080,1046.71,107.33,46.9,none,usable
0000231_06500_d_0000014_blur.jpg,0000231_06500_d_0000014.jpg,blur,1920,1080,3.92,116.31,45.75,blurry,not_usable
0000231_06500_d_0000014_bright.jpg,0000231_06500_d_0000014.jpg,bright,1920,1080,1512.67,216.39,46.95,overexposed,not_usable
0000231_06500_d_0000014_dark.jpg,0000231_06500_d_0000014.jpg,dark,1920,1080,824.97,84.56,42.37,none,usable
0000231_06500_d_0000014_lowcontrast.jpg,0000231_06500_d_0000014.jpg,lowcontrast,1920,1080,351.24,115.43,26.9,low_contrast,not_usable
0000231_06500_d_0000014_noise.jpg,0000231_06500_d_0000014.jpg,noise,1920,1080,2216.26,116.32,52.67,none,usable
0000231_06500_d_0000014_original.jpg,0000231_06500_d_0000014.jpg,original,1920,1080,1271.89,116.32,52.32,none,usable
0000232_00000_d_0000001_blur.jpg,0000232_00000_d_0000001.jpg,blur,960,540,3.03,119.02,54.51,blurry,not_usable
0000232_00000_d_0000001_bright.jpg,0000232_00000_d_0000001.jpg,bright,960,540,3654.39,182.12,61.61,none,usable
0000232_00000_d_0000001_dark.jpg,0000232_00000_d_0000001.jpg,dark,960,540,1908.82,84.42,51.87,none,usable
0000232_00000_d_0000001_lowcontrast.jpg,0000232_00000_d_0000001.jpg,lowcontrast,960,540,888.8,118.11,33.19,low_contrast,not_usable
0000232_00000_d_0000001_noise.jpg,0000232_00000_d_0000001.jpg,noise,960,540,3432.94,118.95,60.07,none,usable
0000232_00000_d_0000001_original.jpg,0000232_00000_d_0000001.jpg,original,960,540,2657.54,119.02,59.92,none,usable
0000232_00400_d_0000005_blur.jpg,0000232_00400_d_0000005.jpg,blur,960,540,8.23,112.19,50.14,blurry,not_usable
0000232_00400_d_0000005_bright.jpg,0000232_00400_d_0000005.jpg,bright,960,540,4522.02,206.76,46.99,overexposed,not_usable
0000232_00400_d_0000005_dark.jpg,0000232_00400_d_0000005.jpg,dark,960,540,2619.62,86.9,47.46,none,usable
0000232_00400_d_0000005_lowcontrast.jpg,0000232_00400_d_0000005.jpg,lowcontrast,960,540,1300.57,111.23,31.53,low_contrast,not_usable
0000232_00400_d_0000005_noise.jpg,0000232_00400_d_0000005.jpg,noise,960,540,4244.38,112.17,56.87,none,usable
0000232_00400_d_0000005_original.jpg,0000232_00400_d_0000005.jpg,original,960,540,3887.5,112.18,56.75,none,usable
0000232_00500_d_0000006_blur.jpg,0000232_00500_d_0000006.jpg,blur,960,540,3.35,113.17,49.65,blurry,not_usable
0000232_00500_d_0000006_bright.jpg,0000232_00500_d_0000006.jpg,bright,960,540,4466.72,174.84,63.44,none,usable
0000232_00500_d_0000006_dark.jpg,0000232_00500_d_0000006.jpg,dark,960,540,1327.73,67.31,38.91,none,usable
0000232_00500_d_0000006_lowcontrast.jpg,0000232_00500_d_0000006.jpg,lowcontrast,960,540,485.4,111.39,24.17,low_contrast,not_usable
0000232_00500_d_0000006_noise.jpg,0000232_00500_d_0000006.jpg,noise,960,540,3065.19,113.16,56.44,none,usable
0000232_00500_d_0000006_original.jpg,0000232_00500_d_0000006.jpg,original,960,540,2831.22,113.16,56.35,none,usable
0000232_00600_d_0000007_blur.jpg,0000232_00600_d_0000007.jpg,blur,960,540,6.51,116.15,50.72,blurry,not_usable
0000232_00600_d_0000007_bright.jpg,0000232_00600_d_0000007.jpg,bright,960,540,3906.93,179.64,53.88,none,usable
0000232_00600_d_0000007_dark.jpg,0000232_00600_d_0000007.jpg,dark,960,540,2058.13,78.91,42.67,none,usable
0000232_00600_d_0000007_lowcontrast.jpg,0000232_00600_d_0000007.jpg,lowcontrast,960,540,671.67,114.11,26.68,low_contrast,not_usable
0000232_00600_d_0000007_noise.jpg,0000232_00600_d_0000007.jpg,noise,960,540,4021.3,116.12,57.74,none,usable
0000232_00600_d_0000007_original.jpg,0000232_00600_d_0000007.jpg,original,960,540,3541.82,116.14,57.58,none,usable
0000232_00700_d_0000008_blur.jpg,0000232_00700_d_0000008.jpg,blur,960,540,12.95,115.83,48.27,blurry,not_usable
0000232_00700_d_0000008_bright.jpg,0000232_00700_d_0000008.jpg,bright,960,540,5343.26,181.74,60.61,none,usable
0000232_00700_d_0000008_dark.jpg,0000232_00700_d_0000008.jpg,dark,960,540,1799.91,72.38,38.0,none,usable
0000232_00700_d_0000008_lowcontrast.jpg,0000232_00700_d_0000008.jpg,lowcontrast,960,540,978.26,115.15,27.43,low_contrast,not_usable
0000232_00700_d_0000008_noise.jpg,0000232_00700_d_0000008.jpg,noise,960,540,4261.45,115.82,55.02,none,usable
0000232_00700_d_0000008_original.jpg,0000232_00700_d_0000008.jpg,original,960,540,3770.6,115.83,54.83,none,usable
0000232_00800_d_0000009_blur.jpg,0000232_00800_d_0000009.jpg,blur,960,540,8.72,109.02,48.17,blurry,not_usable
0000232_00800_d_0000009_bright.jpg,0000232_00800_d_0000009.jpg,bright,960,540,4276.95,190.4,54.56,none,usable
0000232_00800_d_0000009_dark.jpg,0000232_00800_d_0000009.jpg,dark,960,540,2293.29,71.49,42.39,none,usable
0000232_00800_d_0000009_lowcontrast.jpg,0000232_00800_d_0000009.jpg,lowcontrast,960,540,405.54,109.1,16.9,low_contrast,not_usable
0000232_00800_d_0000009_noise.jpg,0000232_00800_d_0000009.jpg,noise,960,540,5138.26,109.01,55.89,none,usable
0000232_00800_d_0000009_original.jpg,0000232_00800_d_0000009.jpg,original,960,540,3825.95,109.03,55.42,none,usable
0000233_00755_d_0000004_blur.jpg,0000233_00755_d_0000004.jpg,blur,960,540,5.23,122.68,56.09,blurry,not_usable
0000233_00755_d_0000004_bright.jpg,0000233_00755_d_0000004.jpg,bright,960,540,2295.9,203.86,50.58,overexposed,not_usable
0000233_00755_d_0000004_dark.jpg,0000233_00755_d_0000004.jpg,dark,960,540,1538.85,85.61,50.0,none,usable
0000233_00755_d_0000004_lowcontrast.jpg,0000233_00755_d_0000004.jpg,lowcontrast,960,540,423.35,122.41,26.78,low_contrast,not_usable
0000233_00755_d_0000004_noise.jpg,0000233_00755_d_0000004.jpg,noise,960,540,3149.69,122.67,61.41,none,usable
0000233_00755_d_0000004_original.jpg,0000233_00755_d_0000004.jpg,original,960,540,2365.48,122.68,61.14,none,usable
0000233_00945_d_0000006_blur.jpg,0000233_00945_d_0000006.jpg,blur,960,540,4.17,112.48,43.23,blurry,not_usable
0000233_00945_d_0000006_bright.jpg,0000233_00945_d_0000006.jpg,bright,960,540,4800.77,184.23,61.48,none,usable
0000233_00945_d_0000006_dark.jpg,0000233_00945_d_0000006.jpg,dark,960,540,2084.68,86.53,42.94,none,usable
0000233_00945_d_0000006_lowcontrast.jpg,0000233_00945_d_0000006.jpg,lowcontrast,960,540,1565.45,112.41,36.55,none,usable
0000233_00945_d_0000006_noise.jpg,0000233_00945_d_0000006.jpg,noise,960,540,4473.11,112.47,52.76,none,usable
0000233_00945_d_0000006_original.jpg,0000233_00945_d_0000006.jpg,original,960,540,3144.26,112.48,52.23,none,usable
0000233_02250_d_0000007_blur.jpg,0000233_02250_d_0000007.jpg,blur,960,540,15.12,115.32,51.65,blurry,not_usable
0000233_02250_d_0000007_bright.jpg,0000233_02250_d_0000007.jpg,bright,960,540,2386.79,201.31,54.1,overexposed,not_usable
0000233_02250_d_0000007_dark.jpg,0000233_02250_d_0000007.jpg,dark,960,540,990.74,72.79,39.28,none,usable
0000233_02250_d_0000007_lowcontrast.jpg,0000233_02250_d_0000007.jpg,lowcontrast,960,540,327.41,114.57,23.18,low_contrast,not_usable
0000233_02250_d_0000007_noise.jpg,0000233_02250_d_0000007.jpg,noise,960,540,3086.88,115.32,55.88,none,usable
0000233_02250_d_0000007_original.jpg,0000233_02250_d_0000007.jpg,original,960,540,1948.56,115.32,55.41,none,usable
0000233_02350_d_0000008_blur.jpg,0000233_02350_d_0000008.jpg,blur,960,540,5.53,118.54,55.54,blurry,not_usable
0000233_02350_d_0000008_bright.jpg,0000233_02350_d_0000008.jpg,bright,960,540,3690.99,207.34,50.42,overexposed,not_usable
0000233_02350_d_0000008_dark.jpg,0000233_02350_d_0000008.jpg,dark,960,540,1097.39,58.61,39.31,underexposed,not_usable
0000233_02350_d_0000008_lowcontrast.jpg,0000233_02350_d_0000008.jpg,lowcontrast,960,540,734.07,118.03,30.52,low_contrast,not_usable
0000233_02350_d_0000008_noise.jpg,0000233_02350_d_0000008.jpg,noise,960,540,3624.29,118.55,61.3,none,usable
0000233_02350_d_0000008_original.jpg,0000233_02350_d_0000008.jpg,original,960,540,2842.14,118.55,61.0,none,usable
0000233_02450_d_0000009_blur.jpg,0000233_02450_d_0000009.jpg,blur,960,540,6.21,116.29,53.8,blurry,not_usable
0000233_02450_d_0000009_bright.jpg,0000233_02450_d_0000009.jpg,bright,960,540,3004.29,168.22,66.24,none,usable
0000233_02450_d_0000009_dark.jpg,0000233_02450_d_0000009.jpg,dark,960,540,1466.42,84.26,46.53,none,usable
0000233_02450_d_0000009_lowcontrast.jpg,0000233_02450_d_0000009.jpg,lowcontrast,960,540,756.25,115.81,31.92,low_contrast,not_usable
0000233_02450_d_0000009_noise.jpg,0000233_02450_d_0000009.jpg,noise,960,540,2782.12,116.31,58.27,none,usable
0000233_02450_d_0000009_original.jpg,0000233_02450_d_0000009.jpg,original,960,540,2292.51,116.3,58.06,none,usable
0000233_02550_d_0000010_blur.jpg,0000233_02550_d_0000010.jpg,blur,960,540,13.46,114.57,53.54,blurry,not_usable
0000233_02550_d_0000010_bright.jpg,0000233_02550_d_0000010.jpg,bright,960,540,2708.61,182.31,61.96,none,usable
0000233_02550_d_0000010_dark.jpg,0000233_02550_d_0000010.jpg,dark,960,540,1510.57,81.54,49.48,none,usable
0000233_02550_d_0000010_lowcontrast.jpg,0000233_02550_d_0000010.jpg,lowcontrast,960,540,251.92,113.99,17.91,low_contrast,not_usable
0000233_02550_d_0000010_noise.jpg,0000233_02550_d_0000010.jpg,noise,960,540,3030.78,114.57,57.25,none,usable
0000233_02550_d_0000010_original.jpg,0000233_02550_d_0000010.jpg,original,960,540,2074.74,114.57,56.87,none,usable
0000233_02650_d_0000011_blur.jpg,0000233_02650_d_0000011.jpg,blur,960,540,12.81,114.88,51.47,blurry,not_usable
0000233_02650_d_0000011_bright.jpg,0000233_02650_d_0000011.jpg,bright,960,540,4238.61,180.05,60.66,none,usable
0000233_02650_d_0000011_dark.jpg,0000233_02650_d_0000011.jpg,dark,960,540,1579.66,66.3,38.71,none,usable
0000233_02650_d_0000011_lowcontrast.jpg,0000233_02650_d_0000011.jpg,lowcontrast,960,540,552.47,114.5,21.47,low_contrast,not_usable
0000233_02650_d_0000011_noise.jpg,0000233_02650_d_0000011.jpg,noise,960,540,4171.99,114.87,57.91,none,usable
0000233_02650_d_0000011_original.jpg,0000233_02650_d_0000011.jpg,original,960,540,3675.94,114.88,57.74,none,usable
0000233_02950_d_0000014_blur.jpg,0000233_02950_d_0000014.jpg,blur,960,540,4.33,111.7,46.8,blurry,not_usable
0000233_02950_d_0000014_bright.jpg,0000233_02950_d_0000014.jpg,bright,960,540,5398.93,183.76,61.29,none,usable
0000233_02950_d_0000014_dark.jpg,0000233_02950_d_0000014.jpg,dark,960,540,2324.16,75.47,42.31,none,usable
0000233_02950_d_0000014_lowcontrast.jpg,0000233_02950_d_0000014.jpg,lowcontrast,960,540,1570.84,111.73,35.91,none,usable
0000233_02950_d_0000014_noise.jpg,0000233_02950_d_0000014.jpg,noise,960,540,5070.46,111.71,54.63,none,usable
0000233_02950_d_0000014_original.jpg,0000233_02950_d_0000014.jpg,original,960,540,3751.81,111.7,54.11,none,usable
0000255_00000_d_0000001_blur.jpg,0000255_00000_d_0000001.jpg,blur,960,540,5.37,113.75,44.24,blurry,not_usable
0000255_00000_d_0000001_bright.jpg,0000255_00000_d_0000001.jpg,bright,960,540,3263.48,197.49,55.69,none,usable
0000255_00000_d_0000001_dark.jpg,0000255_00000_d_0000001.jpg,dark,960,540,1761.39,85.17,42.56,none,usable
0000255_00000_d_0000001_lowcontrast.jpg,0000255_00000_d_0000001.jpg,lowcontrast,960,540,1195.69,113.89,34.88,low_contrast,not_usable
0000255_00000_d_0000001_noise.jpg,0000255_00000_d_0000001.jpg,noise,960,540,3088.77,113.74,51.14,none,usable
0000255_00000_d_0000001_original.jpg,0000255_00000_d_0000001.jpg,original,960,540,2596.31,113.75,50.94,none,usable
0000255_00300_d_0000002_blur.jpg,0000255_00300_d_0000002.jpg,blur,960,540,7.32,119.14,41.54,blurry,not_usable
0000255_00300_d_0000002_bright.jpg,0000255_00300_d_0000002.jpg,bright,960,540,2241.34,220.33,45.65,overexposed,not_usable
0000255_00300_d_0000002_dark.jpg,0000255_00300_d_0000002.jpg,dark,960,540,1506.37,95.07,41.3,none,usable
0000255_00300_d_0000002_lowcontrast.jpg,0000255_00300_d_0000002.jpg,lowcontrast,960,540,609.52,119.24,25.04,low_contrast,not_usable
0000255_00300_d_0000002_noise.jpg,0000255_00300_d_0000002.jpg,noise,960,540,2425.46,119.14,47.96,none,usable
0000255_00300_d_0000002_original.jpg,0000255_00300_d_0000002.jpg,original,960,540,2069.0,119.14,47.79,none,usable
0000255_00600_d_0000003_blur.jpg,0000255_00600_d_0000003.jpg,blur,960,540,3.36,115.35,42.8,blurry,not_usable
0000255_00600_d_0000003_bright.jpg,0000255_00600_d_0000003.jpg,bright,960,540,2635.23,200.6,50.36,overexposed,not_usable
0000255_00600_d_0000003_dark.jpg,0000255_00600_d_0000003.jpg,dark,960,540,909.16,58.54,32.17,"underexposed, low_contrast",not_usable
0000255_00600_d_0000003_lowcontrast.jpg,0000255_00600_d_0000003.jpg,lowcontrast,960,540,827.96,115.61,29.82,low_contrast,not_usable
0000255_00600_d_0000003_noise.jpg,0000255_00600_d_0000003.jpg,noise,960,540,3074.99,115.35,50.06,none,usable
0000255_00600_d_0000003_original.jpg,0000255_00600_d_0000003.jpg,original,960,540,2289.19,115.35,49.69,none,usable
0000255_01200_d_0000005_blur.jpg,0000255_01200_d_0000005.jpg,blur,960,540,3.33,111.62,45.29,blurry,not_usable
0000255_01200_d_0000005_bright.jpg,0000255_01200_d_0000005.jpg,bright,960,540,3221.46,159.76,56.19,none,usable
0000255_01200_d_0000005_dark.jpg,0000255_01200_d_0000005.jpg,dark,960,540,1851.35,86.52,44.48,none,usable
0000255_01200_d_0000005_lowcontrast.jpg,0000255_01200_d_0000005.jpg,lowcontrast,960,540,619.92,111.72,25.45,low_contrast,not_usable
0000255_01200_d_0000005_noise.jpg,0000255_01200_d_0000005.jpg,noise,960,540,3573.31,111.63,52.48,none,usable
0000255_01200_d_0000005_original.jpg,0000255_01200_d_0000005.jpg,original,960,540,2628.65,111.62,52.06,none,usable
0000255_01500_d_0000006_blur.jpg,0000255_01500_d_0000006.jpg,blur,960,540,7.43,111.74,38.98,blurry,not_usable
0000255_01500_d_0000006_bright.jpg,0000255_01500_d_0000006.jpg,bright,960,540,3586.34,194.63,56.34,none,usable
0000255_01500_d_0000006_dark.jpg,0000255_01500_d_0000006.jpg,dark,960,540,1642.38,84.72,37.38,none,usable
0000255_01500_d_0000006_lowcontrast.jpg,0000255_01500_d_0000006.jpg,lowcontrast,960,540,847.16,111.26,25.87,low_contrast,not_usable
0000255_01500_d_0000006_noise.jpg,0000255_01500_d_0000006.jpg,noise,960,540,2881.87,111.74,46.25,none,usable
0000255_01500_d_0000006_original.jpg,0000255_01500_d_0000006.jpg,original,960,540,2521.05,111.74,46.08,none,usable
0000255_01800_d_0000007_blur.jpg,0000255_01800_d_0000007.jpg,blur,960,540,8.33,114.56,42.12,blurry,not_usable
0000255_01800_d_0000007_bright.jpg,0000255_01800_d_0000007.jpg,bright,960,540,2634.52,188.88,53.31,none,usable
0000255_01800_d_0000007_dark.jpg,0000255_01800_d_0000007.jpg,dark,960,540,794.79,57.22,30.02,"underexposed, low_contrast",not_usable
0000255_01800_d_0000007_lowcontrast.jpg,0000255_01800_d_0000007.jpg,lowcontrast,960,540,283.84,113.68,16.21,low_contrast,not_usable
0000255_01800_d_0000007_noise.jpg,0000255_01800_d_0000007.jpg,noise,960,540,2653.32,114.56,46.89,none,usable
0000255_01800_d_0000007_original.jpg,0000255_01800_d_0000007.jpg,original,960,540,2016.06,114.56,46.58,none,usable
0000262_00000_d_0000001_blur.jpg,0000262_00000_d_0000001.jpg,blur,1360,765,5.3,129.25,29.58,"blurry, low_contrast",not_usable
0000262_00000_d_0000001_bright.jpg,0000262_00000_d_0000001.jpg,bright,1360,765,789.49,230.83,27.27,"overexposed, low_contrast",not_usable
0000262_00000_d_0000001_dark.jpg,0000262_00000_d_0000001.jpg,dark,1360,765,566.16,87.55,24.58,low_contrast,not_usable
0000262_00000_d_0000001_lowcontrast.jpg,0000262_00000_d_0000001.jpg,lowcontrast,1360,765,341.26,127.81,19.05,low_contrast,not_usable
0000262_00000_d_0000001_noise.jpg,0000262_00000_d_0000001.jpg,noise,1360,765,2096.63,129.26,33.61,low_contrast,not_usable
0000262_00000_d_0000001_original.jpg,0000262_00000_d_0000001.jpg,original,1360,765,964.82,129.25,32.84,low_contrast,not_usable
0000262_00500_d_0000002_blur.jpg,0000262_00500_d_0000002.jpg,blur,1360,765,4.97,160.18,33.13,"blurry, low_contrast",not_usable
0000262_00500_d_0000002_bright.jpg,0000262_00500_d_0000002.jpg,bright,1360,765,390.6,246.59,16.75,"overexposed, low_contrast",not_usable
0000262_00500_d_0000002_dark.jpg,0000262_00500_d_0000002.jpg,dark,1360,765,591.7,122.55,31.12,low_contrast,not_usable
0000262_00500_d_0000002_lowcontrast.jpg,0000262_00500_d_0000002.jpg,lowcontrast,1360,765,153.2,158.43,16.51,low_contrast,not_usable
0000262_00500_d_0000002_noise.jpg,0000262_00500_d_0000002.jpg,noise,1360,765,1585.41,160.15,36.18,none,usable
0000262_00500_d_0000002_original.jpg,0000262_00500_d_0000002.jpg,original,1360,765,802.6,160.18,35.72,none,usable
0000262_01000_d_0000003_blur.jpg,0000262_01000_d_0000003.jpg,blur,1360,765,7.59,152.79,27.92,"blurry, low_contrast",not_usable
0000262_01000_d_0000003_bright.jpg,0000262_01000_d_0000003.jpg,bright,1360,765,248.42,247.45,15.49,"overexposed, low_contrast",not_usable
0000262_01000_d_0000003_dark.jpg,0000262_01000_d_0000003.jpg,dark,1360,765,239.23,111.7,24.1,low_contrast,not_usable
0000262_01000_d_0000003_lowcontrast.jpg,0000262_01000_d_0000003.jpg,lowcontrast,1360,765,58.66,151.77,11.59,"blurry, low_contrast",not_usable
0000262_01000_d_0000003_noise.jpg,0000262_01000_d_0000003.jpg,noise,1360,765,1319.66,152.79,30.04,low_contrast,not_usable
0000262_01000_d_0000003_original.jpg,0000262_01000_d_0000003.jpg,original,1360,765,360.45,152.79,29.3,low_contrast,not_usable
0000262_01500_d_0000004_blur.jpg,0000262_01500_d_0000004.jpg,blur,1360,765,7.63,140.67,30.71,"blurry, low_contrast",not_usable
0000262_01500_d_0000004_bright.jpg,0000262_01500_d_0000004.jpg,bright,1360,765,681.49,234.01,28.49,"overexposed, low_contrast",not_usable
0000262_01500_d_0000004_dark.jpg,0000262_01500_d_0000004.jpg,dark,1360,765,582.63,116.9,29.86,low_contrast,not_usable
0000262_01500_d_0000004_lowcontrast.jpg,0000262_01500_d_0000004.jpg,lowcontrast,1360,765,132.6,140.01,14.79,low_contrast,not_usable
0000262_01500_d_0000004_noise.jpg,0000262_01500_d_0000004.jpg,noise,1360,765,1868.97,140.66,34.15,low_contrast,not_usable
0000262_01500_d_0000004_original.jpg,0000262_01500_d_0000004.jpg,original,1360,765,733.91,140.68,33.37,low_contrast,not_usable
0000262_02500_d_0000006_blur.jpg,0000262_02500_d_0000006.jpg,blur,1360,765,3.16,114.69,34.86,"blurry, low_contrast",not_usable
0000262_02500_d_0000006_bright.jpg,0000262_02500_d_0000006.jpg,bright,1360,765,942.04,225.75,36.4,overexposed,not_usable
0000262_02500_d_0000006_dark.jpg,0000262_02500_d_0000006.jpg,dark,1360,765,414.54,62.99,26.56,low_contrast,not_usable
0000262_02500_d_0000006_lowcontrast.jpg,0000262_02500_d_0000006.jpg,lowcontrast,1360,765,190.18,113.77,18.41,low_contrast,not_usable
0000262_02500_d_0000006_noise.jpg,0000262_02500_d_0000006.jpg,noise,1360,765,1514.56,114.69,38.6,none,usable
0000262_02500_d_0000006_original.jpg,0000262_02500_d_0000006.jpg,original,1360,765,874.18,114.68,38.22,none,usable
0000262_04000_d_0000009_blur.jpg,0000262_04000_d_0000009.jpg,blur,1360,765,13.18,131.62,28.53,"blurry, low_contrast",not_usable
0000262_04000_d_0000009_bright.jpg,0000262_04000_d_0000009.jpg,bright,1360,765,809.33,184.19,33.54,low_contrast,not_usable
0000262_04000_d_0000009_dark.jpg,0000262_04000_d_0000009.jpg,dark,1360,765,268.41,77.17,20.53,low_contrast,not_usable
0000262_04000_d_0000009_lowcontrast.jpg,0000262_04000_d_0000009.jpg,lowcontrast,1360,765,240.59,131.07,19.06,low_contrast,not_usable
0000262_04000_d_0000009_noise.jpg,0000262_04000_d_0000009.jpg,noise,1360,765,1278.65,131.61,31.46,low_contrast,not_usable
0000262_04000_d_0000009_original.jpg,0000262_04000_d_0000009.jpg,original,1360,765,646.06,131.62,31.0,low_contrast,not_usable
0000262_04500_d_0000010_blur.jpg,0000262_04500_d_0000010.jpg,blur,1360,765,7.83,150.82,28.96,"blurry, low_contrast",not_usable
0000262_04500_d_0000010_bright.jpg,0000262_04500_d_0000010.jpg,bright,1360,765,277.7,245.51,17.49,"overexposed, low_contrast",not_usable
0000262_04500_d_0000010_dark.jpg,0000262_04500_d_0000010.jpg,dark,1360,765,382.2,115.23,26.99,low_contrast,not_usable
0000262_04500_d_0000010_lowcontrast.jpg,0000262_04500_d_0000010.jpg,lowcontrast,1360,765,214.64,150.43,20.38,low_contrast,not_usable
0000262_04500_d_0000010_noise.jpg,0000262_04500_d_0000010.jpg,noise,1360,765,1489.33,150.78,32.16,low_contrast,not_usable
0000262_04500_d_0000010_original.jpg,0000262_04500_d_0000010.jpg,original,1360,765,538.26,150.83,31.5,low_contrast,not_usable
0000262_05000_d_0000011_blur.jpg,0000262_05000_d_0000011.jpg,blur,1360,765,6.19,153.3,37.65,blurry,not_usable
0000262_05000_d_0000011_bright.jpg,0000262_05000_d_0000011.jpg,bright,1360,765,611.16,207.85,38.85,overexposed,not_usable
0000262_05000_d_0000011_dark.jpg,0000262_05000_d_0000011.jpg,dark,1360,765,395.75,109.87,34.13,low_contrast,not_usable
0000262_05000_d_0000011_lowcontrast.jpg,0000262_05000_d_0000011.jpg,lowcontrast,1360,765,271.6,152.98,28.01,low_contrast,not_usable
0000262_05000_d_0000011_noise.jpg,0000262_05000_d_0000011.jpg,noise,1360,765,1354.9,153.28,40.75,none,usable
0000262_05000_d_0000011_original.jpg,0000262_05000_d_0000011.jpg,original,1360,765,571.77,153.3,40.33,none,usable
0000274_00000_d_0000001_blur.jpg,0000274_00000_d_0000001.jpg,blur,1360,765,9.97,130.48,64.33,blurry,not_usable
0000274_00000_d_0000001_bright.jpg,0000274_00000_d_0000001.jpg,bright,1360,765,2806.85,179.58,60.03,none,usable
0000274_00000_d_0000001_dark.jpg,0000274_00000_d_0000001.jpg,dark,1360,765,1012.61,69.06,45.29,none,usable
0000274_00000_d_0000001_lowcontrast.jpg,0000274_00000_d_0000001.jpg,lowcontrast,1360,765,924.41,127.83,41.91,none,usable
0000274_00000_d_0000001_noise.jpg,0000274_00000_d_0000001.jpg,noise,1360,765,3093.73,130.44,68.14,none,usable
0000274_00000_d_0000001_original.jpg,0000274_00000_d_0000001.jpg,original,1360,765,2485.57,130.49,68.05,none,usable
0000274_02500_d_0000006_blur.jpg,0000274_02500_d_0000006.jpg,blur,1360,765,5.22,111.76,49.19,blurry,not_usable
0000274_02500_d_0000006_bright.jpg,0000274_02500_d_0000006.jpg,bright,1360,765,1679.09,185.65,52.62,none,usable
0000274_02500_d_0000006_dark.jpg,0000274_02500_d_0000006.jpg,dark,1360,765,791.25,61.26,36.56,none,usable
0000274_02500_d_0000006_lowcontrast.jpg,0000274_02500_d_0000006.jpg,lowcontrast,1360,765,398.33,110.45,26.34,low_contrast,not_usable
0000274_02500_d_0000006_noise.jpg,0000274_02500_d_0000006.jpg,noise,1360,765,2317.01,111.76,56.38,none,usable
0000274_02500_d_0000006_original.jpg,0000274_02500_d_0000006.jpg,original,1360,765,1969.87,111.76,56.26,none,usable
0000274_03000_d_0000007_blur.jpg,0000274_03000_d_0000007.jpg,blur,1360,765,18.19,96.38,46.53,blurry,not_usable
0000274_03000_d_0000007_bright.jpg,0000274_03000_d_0000007.jpg,bright,1360,765,2330.18,148.74,60.43,none,usable
0000274_03000_d_0000007_dark.jpg,0000274_03000_d_0000007.jpg,dark,1360,765,1052.18,65.28,39.15,none,usable
0000274_03000_d_0000007_lowcontrast.jpg,0000274_03000_d_0000007.jpg,lowcontrast,1360,765,385.02,95.96,24.56,low_contrast,not_usable
0000274_03000_d_0000007_noise.jpg,0000274_03000_d_0000007.jpg,noise,1360,765,2369.76,96.4,51.33,none,usable
0000274_03000_d_0000007_original.jpg,0000274_03000_d_0000007.jpg,original,1360,765,1746.15,96.38,51.11,none,usable
0000274_04000_d_0000009_blur.jpg,0000274_04000_d_0000009.jpg,blur,1360,765,31.95,110.85,50.53,blurry,not_usable
0000274_04000_d_0000009_bright.jpg,0000274_04000_d_0000009.jpg,bright,1360,765,2318.67,158.47,61.29,none,usable
0000274_04000_d_0000009_dark.jpg,0000274_04000_d_0000009.jpg,dark,1360,765,1335.57,81.35,45.13,none,usable
0000274_04000_d_0000009_lowcontrast.jpg,0000274_04000_d_0000009.jpg,lowcontrast,1360,765,245.36,110.03,17.76,low_contrast,not_usable
0000274_04000_d_0000009_noise.jpg,0000274_04000_d_0000009.jpg,noise,1360,765,3276.52,110.83,54.88,none,usable
0000274_04000_d_0000009_original.jpg,0000274_04000_d_0000009.jpg,original,1360,765,1982.77,110.84,54.49,none,usable
0000274_05000_d_0000011_blur.jpg,0000274_05000_d_0000011.jpg,blur,1360,765,3.83,136.11,47.23,blurry,not_usable
0000274_05000_d_0000011_bright.jpg,0000274_05000_d_0000011.jpg,bright,1360,765,795.35,223.8,36.53,overexposed,not_usable
0000274_05000_d_0000011_dark.jpg,0000274_05000_d_0000011.jpg,dark,1360,765,994.91,86.02,40.53,none,usable
0000274_05000_d_0000011_lowcontrast.jpg,0000274_05000_d_0000011.jpg,lowcontrast,1360,765,363.32,135.52,25.58,low_contrast,not_usable
0000274_05000_d_0000011_noise.jpg,0000274_05000_d_0000011.jpg,noise,1360,765,2041.69,136.09,53.71,none,usable
0000274_05000_d_0000011_original.jpg,0000274_05000_d_0000011.jpg,original,1360,765,1691.51,136.1,53.59,none,usable
0000274_05500_d_0000012_blur.jpg,0000274_05500_d_0000012.jpg,blur,1360,765,6.28,95.38,32.58,"blurry, low_contrast",not_usable
0000274_05500_d_0000012_bright.jpg,0000274_05500_d_0000012.jpg,bright,1360,765,3070.09,165.06,46.28,none,usable
0000274_05500_d_0000012_dark.jpg,0000274_05500_d_0000012.jpg,dark,1360,765,2002.12,58.81,37.8,underexposed,not_usable
0000274_05500_d_0000012_lowcontrast.jpg,0000274_05500_d_0000012.jpg,lowcontrast,1360,765,1023.32,95.26,26.43,low_contrast,not_usable
0000274_05500_d_0000012_noise.jpg,0000274_05500_d_0000012.jpg,noise,1360,765,4085.29,95.39,48.0,none,usable
0000274_05500_d_0000012_original.jpg,0000274_05500_d_0000012.jpg,original,1360,765,3161.46,95.39,47.61,none,usable
0000292_00000_d_0000001_blur.jpg,0000292_00000_d_0000001.jpg,blur,1360,765,4.0,118.51,42.74,blurry,not_usable
0000292_00000_d_0000001_bright.jpg,0000292_00000_d_0000001.jpg,bright,1360,765,1966.18,202.72,56.0,overexposed,not_usable
0000292_00000_d_0000001_dark.jpg,0000292_00000_d_0000001.jpg,dark,1360,765,1385.17,95.54,45.39,none,usable
0000292_00000_d_0000001_lowcontrast.jpg,0000292_00000_d_0000001.jpg,lowcontrast,1360,765,360.87,118.67,23.93,low_contrast,not_usable
0000292_00000_d_0000001_noise.jpg,0000292_00000_d_0000001.jpg,noise,1360,765,2093.94,118.5,50.86,none,usable
0000292_00000_d_0000001_original.jpg,0000292_00000_d_0000001.jpg,original,1360,765,1740.15,118.52,50.72,none,usable
0000292_00500_d_0000002_blur.jpg,0000292_00500_d_0000002.jpg,blur,1360,765,9.06,109.63,52.83,blurry,not_usable
0000292_00500_d_0000002_bright.jpg,0000292_00500_d_0000002.jpg,bright,1360,765,1692.75,199.41,60.91,none,usable
0000292_00500_d_0000002_dark.jpg,0000292_00500_d_0000002.jpg,dark,1360,765,1039.48,70.36,43.9,none,usable
0000292_00500_d_0000002_lowcontrast.jpg,0000292_00500_d_0000002.jpg,lowcontrast,1360,765,395.1,109.88,28.23,low_contrast,not_usable
0000292_00500_d_0000002_noise.jpg,0000292_00500_d_0000002.jpg,noise,1360,765,2891.87,109.64,58.97,none,usable
0000292_00500_d_0000002_original.jpg,0000292_00500_d_0000002.jpg,original,1360,765,1780.08,109.63,58.63,none,usable
0000292_01500_d_0000004_blur.jpg,0000292_01500_d_0000004.jpg,blur,1360,765,17.44,113.46,54.89,blurry,not_usable
0000292_01500_d_0000004_bright.jpg,0000292_01500_d_0000004.jpg,bright,1360,765,1517.08,185.93,63.71,none,usable
0000292_01500_d_0000004_dark.jpg,0000292_01500_d_0000004.jpg,dark,1360,765,664.85,72.7,42.42,none,usable
0000292_01500_d_0000004_lowcontrast.jpg,0000292_01500_d_0000004.jpg,lowcontrast,1360,765,562.87,113.64,39.82,none,usable
0000292_01500_d_0000004_noise.jpg,0000292_01500_d_0000004.jpg,noise,1360,765,2544.13,113.48,58.87,none,usable
0000292_01500_d_0000004_original.jpg,0000292_01500_d_0000004.jpg,original,1360,765,1237.85,113.46,58.45,none,usable
0000292_02000_d_0000005_blur.jpg,0000292_02000_d_0000005.jpg,blur,1360,765,16.44,116.61,53.92,blurry,not_usable
0000292_02000_d_0000005_bright.jpg,0000292_02000_d_0000005.jpg,bright,1360,765,1397.17,157.11,62.69,none,usable
0000292_02000_d_0000005_dark.jpg,0000292_02000_d_0000005.jpg,dark,1360,765,521.32,61.03,37.78,none,usable
0000292_02000_d_0000005_lowcontrast.jpg,0000292_02000_d_0000005.jpg,lowcontrast,1360,765,441.82,116.84,34.36,low_contrast,not_usable
0000292_02000_d_0000005_noise.jpg,0000292_02000_d_0000005.jpg,noise,1360,765,2166.48,116.59,57.75,none,usable
0000292_02000_d_0000005_original.jpg,0000292_02000_d_0000005.jpg,original,1360,765,1221.23,116.61,57.42,none,usable
0000292_02500_d_0000006_blur.jpg,0000292_02500_d_0000006.jpg,blur,1360,765,12.14,118.83,46.45,blurry,not_usable
0000292_02500_d_0000006_bright.jpg,0000292_02500_d_0000006.jpg,bright,1360,765,2602.33,200.8,62.11,overexposed,not_usable
0000292_02500_d_0000006_dark.jpg,0000292_02500_d_0000006.jpg,dark,1360,765,1162.88,83.77,40.96,none,usable
0000292_02500_d_0000006_lowcontrast.jpg,0000292_02500_d_0000006.jpg,lowcontrast,1360,765,336.45,119.01,22.92,low_contrast,not_usable
0000292_02500_d_0000006_noise.jpg,0000292_02500_d_0000006.jpg,noise,1360,765,2971.27,118.83,52.43,none,usable
0000292_02500_d_0000006_original.jpg,0000292_02500_d_0000006.jpg,original,1360,765,1850.16,118.84,51.96,none,usable
0000292_03000_d_0000007_blur.jpg,0000292_03000_d_0000007.jpg,blur,1360,765,38.98,111.98,47.16,blurry,not_usable
0000292_03000_d_0000007_bright.jpg,0000292_03000_d_0000007.jpg,bright,1360,765,2582.87,190.12,57.78,none,usable
0000292_03000_d_0000007_dark.jpg,0000292_03000_d_0000007.jpg,dark,1360,765,1645.37,88.88,46.34,none,usable
0000292_03000_d_0000007_lowcontrast.jpg,0000292_03000_d_0000007.jpg,lowcontrast,1360,765,545.4,112.12,26.21,low_contrast,not_usable
0000292_03000_d_0000007_noise.jpg,0000292_03000_d_0000007.jpg,noise,1360,765,2580.21,111.98,52.26,none,usable
0000292_03000_d_0000007_original.jpg,0000292_03000_d_0000007.jpg,original,1360,765,2084.24,111.98,52.06,none,usable
0000292_03500_d_0000008_blur.jpg,0000292_03500_d_0000008.jpg,blur,1360,765,3.13,115.56,41.47,blurry,not_usable
0000292_03500_d_0000008_bright.jpg,0000292_03500_d_0000008.jpg,bright,1360,765,1711.11,195.44,56.21,none,usable
0000292_03500_d_0000008_dark.jpg,0000292_03500_d_0000008.jpg,dark,1360,765,645.41,64.68,34.0,low_contrast,not_usable
0000292_03500_d_0000008_lowcontrast.jpg,0000292_03500_d_0000008.jpg,lowcontrast,1360,765,244.82,115.64,21.7,low_contrast,not_usable
0000292_03500_d_0000008_noise.jpg,0000292_03500_d_0000008.jpg,noise,1360,765,2115.79,115.54,48.99,none,usable
0000292_03500_d_0000008_original.jpg,0000292_03500_d_0000008.jpg,original,1360,765,1325.61,115.57,48.64,none,usable
0000292_04000_d_0000009_blur.jpg,0000292_04000_d_0000009.jpg,blur,1360,765,6.8,112.09,45.89,blurry,not_usable
0000292_04000_d_0000009_bright.jpg,0000292_04000_d_0000009.jpg,bright,1360,765,1560.22,204.66,57.87,overexposed,not_usable
0000292_04000_d_0000009_dark.jpg,0000292_04000_d_0000009.jpg,dark,1360,765,885.65,75.63,42.86,none,usable
0000292_04000_d_0000009_lowcontrast.jpg,0000292_04000_d_0000009.jpg,lowcontrast,1360,765,491.68,112.18,32.04,low_contrast,not_usable
0000292_04000_d_0000009_noise.jpg,0000292_04000_d_0000009.jpg,noise,1360,765,2061.44,112.06,51.08,none,usable
0000292_04000_d_0000009_original.jpg,0000292_04000_d_0000009.jpg,original,1360,765,1273.82,112.1,50.75,none,usable
0000292_05500_d_0000012_blur.jpg,0000292_05500_d_0000012.jpg,blur,1360,765,24.48,111.61,43.33,blurry,not_usable
0000292_05500_d_0000012_bright.jpg,0000292_05500_d_0000012.jpg,bright,1360,765,2064.44,199.68,60.58,none,usable
0000292_05500_d_0000012_dark.jpg,0000292_05500_d_0000012.jpg,dark,1360,765,647.53,66.59,32.38,low_contrast,not_usable
0000292_05500_d_0000012_lowcontrast.jpg,0000292_05500_d_0000012.jpg,lowcontrast,1360,765,136.58,111.66,14.15,low_contrast,not_usable
0000292_05500_d_0000012_noise.jpg,0000292_05500_d_0000012.jpg,noise,1360,765,1848.76,111.61,46.92,none,usable
0000292_05500_d_0000012_original.jpg,0000292_05500_d_0000012.jpg,original,1360,765,1354.55,111.62,46.67,none,usable
0000311_00000_d_0000131_blur.jpg,0000311_00000_d_0000131.jpg,blur,1360,765,3.43,110.18,37.91,blurry,not_usable
0000311_00000_d_0000131_bright.jpg,0000311_00000_d_0000131.jpg,bright,1360,765,1565.36,176.09,45.99,none,usable
0000311_00000_d_0000131_dark.jpg,0000311_00000_d_0000131.jpg,dark,1360,765,567.52,53.73,29.2,"underexposed, low_contrast",not_usable
0000311_00000_d_0000131_lowcontrast.jpg,0000311_00000_d_0000131.jpg,lowcontrast,1360,765,216.89,108.65,17.22,low_contrast,not_usable
0000311_00000_d_0000131_noise.jpg,0000311_00000_d_0000131.jpg,noise,1360,765,2503.83,110.17,45.01,none,usable
0000311_00000_d_0000131_original.jpg,0000311_00000_d_0000131.jpg,original,1360,765,1375.29,110.18,44.45,none,usable
0000311_00500_d_0000132_blur.jpg,0000311_00500_d_0000132.jpg,blur,1360,765,2.96,98.3,39.93,blurry,not_usable
0000311_00500_d_0000132_bright.jpg,0000311_00500_d_0000132.jpg,bright,1360,765,1814.58,157.82,50.89,none,usable
0000311_00500_d_0000132_dark.jpg,0000311_00500_d_0000132.jpg,dark,1360,765,759.68,63.29,34.11,low_contrast,not_usable
0000311_00500_d_0000132_lowcontrast.jpg,0000311_00500_d_0000132.jpg,lowcontrast,1360,765,503.1,97.71,28.39,low_contrast,not_usable
0000311_00500_d_0000132_noise.jpg,0000311_00500_d_0000132.jpg,noise,1360,765,1714.69,98.3,46.64,none,usable
0000311_00500_d_0000132_original.jpg,0000311_00500_d_0000132.jpg,original,1360,765,1361.04,98.3,46.46,none,usable
0000311_01000_d_0000133_blur.jpg,0000311_01000_d_0000133.jpg,blur,1360,765,28.62,118.52,40.17,blurry,not_usable
0000311_01000_d_0000133_bright.jpg,0000311_01000_d_0000133.jpg,bright,1360,765,1943.61,194.09,52.33,none,usable
0000311_01000_d_0000133_dark.jpg,0000311_01000_d_0000133.jpg,dark,1360,765,604.1,62.93,29.83,low_contrast,not_usable
0000311_01000_d_0000133_lowcontrast.jpg,0000311_01000_d_0000133.jpg,lowcontrast,1360,765,283.04,117.74,21.02,low_contrast,not_usable
0000311_01000_d_0000133_noise.jpg,0000311_01000_d_0000133.jpg,noise,1360,765,2463.58,118.52,44.62,none,usable
0000311_01000_d_0000133_original.jpg,0000311_01000_d_0000133.jpg,original,1360,765,1333.72,118.52,44.08,none,usable
0000311_01500_d_0000134_blur.jpg,0000311_01500_d_0000134.jpg,blur,1360,765,2.75,123.95,35.6,blurry,not_usable
0000311_01500_d_0000134_bright.jpg,0000311_01500_d_0000134.jpg,bright,1360,765,1035.81,212.87,43.44,overexposed,not_usable
0000311_01500_d_0000134_dark.jpg,0000311_01500_d_0000134.jpg,dark,1360,765,631.99,92.32,33.46,low_contrast,not_usable
0000311_01500_d_0000134_lowcontrast.jpg,0000311_01500_d_0000134.jpg,lowcontrast,1360,765,259.7,123.44,21.12,low_contrast,not_usable
0000311_01500_d_0000134_noise.jpg,0000311_01500_d_0000134.jpg,noise,1360,765,1940.04,123.94,42.29,none,usable
0000311_01500_d_0000134_original.jpg,0000311_01500_d_0000134.jpg,original,1360,765,982.74,123.94,41.78,none,usable
0000311_02000_d_0000135_blur.jpg,0000311_02000_d_0000135.jpg,blur,1360,765,2.62,108.37,37.06,blurry,not_usable
0000311_02000_d_0000135_bright.jpg,0000311_02000_d_0000135.jpg,bright,1360,765,904.21,179.11,50.09,none,usable
0000311_02000_d_0000135_dark.jpg,0000311_02000_d_0000135.jpg,dark,1360,765,273.22,68.41,27.81,low_contrast,not_usable
0000311_02000_d_0000135_lowcontrast.jpg,0000311_02000_d_0000135.jpg,lowcontrast,1360,765,74.61,107.77,13.12,"blurry, low_contrast",not_usable
0000311_02000_d_0000135_noise.jpg,0000311_02000_d_0000135.jpg,noise,1360,765,1749.07,108.35,41.72,none,usable
0000311_02000_d_0000135_original.jpg,0000311_02000_d_0000135.jpg,original,1360,765,613.02,108.39,41.12,none,usable
0000311_02500_d_0000136_blur.jpg,0000311_02500_d_0000136.jpg,blur,1360,765,23.23,112.68,34.33,"blurry, low_contrast",not_usable
0000311_02500_d_0000136_bright.jpg,0000311_02500_d_0000136.jpg,bright,1360,765,1401.69,223.36,43.14,overexposed,not_usable
0000311_02500_d_0000136_dark.jpg,0000311_02500_d_0000136.jpg,dark,1360,765,431.62,62.53,24.62,low_contrast,not_usable
0000311_02500_d_0000136_lowcontrast.jpg,0000311_02500_d_0000136.jpg,lowcontrast,1360,765,154.42,112.13,13.54,low_contrast,not_usable
0000311_02500_d_0000136_noise.jpg,0000311_02500_d_0000136.jpg,noise,1360,765,1863.28,112.68,38.48,none,usable
0000311_02500_d_0000136_original.jpg,0000311_02500_d_0000136.jpg,original,1360,765,1077.65,112.68,38.02,none,usable
0000311_04500_d_0000140_blur.jpg,0000311_04500_d_0000140.jpg,blur,1360,765,5.87,104.28,38.91,blurry,not_usable
0000311_04500_d_0000140_bright.jpg,0000311_04500_d_0000140.jpg,bright,1360,765,1928.62,178.47,51.31,none,usable
0000311_04500_d_0000140_dark.jpg,0000311_04500_d_0000140.jpg,dark,1360,765,722.86,56.92,32.41,"underexposed, low_contrast",not_usable
0000311_04500_d_0000140_lowcontrast.jpg,0000311_04500_d_0000140.jpg,lowcontrast,1360,765,210.41,103.65,16.9,low_contrast,not_usable
0000311_04500_d_0000140_noise.jpg,0000311_04500_d_0000140.jpg,noise,1360,765,2513.77,104.28,46.04,none,usable
0000311_04500_d_0000140_original.jpg,0000311_04500_d_0000140.jpg,original,1360,765,1396.73,104.28,45.54,none,usable
0000311_05000_d_0000141_blur.jpg,0000311_05000_d_0000141.jpg,blur,1360,765,5.47,107.85,39.07,blurry,not_usable
0000311_05000_d_0000141_bright.jpg,0000311_05000_d_0000141.jpg,bright,1360,765,1020.03,194.02,43.69,none,usable
0000311_05000_d_0000141_dark.jpg,0000311_05000_d_0000141.jpg,dark,1360,765,604.35,74.59,33.28,low_contrast,not_usable
0000311_05000_d_0000141_lowcontrast.jpg,0000311_05000_d_0000141.jpg,lowcontrast,1360,765,354.79,106.89,25.66,low_contrast,not_usable
0000311_05000_d_0000141_noise.jpg,0000311_05000_d_0000141.jpg,noise,1360,765,2116.2,107.85,43.58,none,usable
0000311_05000_d_0000141_original.jpg,0000311_05000_d_0000141.jpg,original,1360,765,979.76,107.85,42.96,none,usable
0000319_00000_d_0000147_blur.jpg,0000319_00000_d_0000147.jpg,blur,1360,765,19.7,112.16,35.34,blurry,not_usable
0000319_00000_d_0000147_bright.jpg,0000319_00000_d_0000147.jpg,bright,1360,765,858.73,212.38,46.97,overexposed,not_usable
0000319_00000_d_0000147_dark.jpg,0000319_00000_d_0000147.jpg,dark,1360,765,345.49,68.11,28.51,low_contrast,not_usable
0000319_00000_d_0000147_lowcontrast.jpg,0000319_00000_d_0000147.jpg,lowcontrast,1360,765,124.03,111.58,17.98,low_contrast,not_usable
0000319_00000_d_0000147_noise.jpg,0000319_00000_d_0000147.jpg,noise,1360,765,1722.82,112.17,38.79,none,usable
0000319_00000_d_0000147_original.jpg,0000319_00000_d_0000147.jpg,original,1360,765,589.74,112.17,38.15,none,usable
0000319_01000_d_0000148_blur.jpg,0000319_01000_d_0000148.jpg,blur,1360,765,2.7,117.43,33.81,"blurry, low_contrast",not_usable
0000319_01000_d_0000148_bright.jpg,0000319_01000_d_0000148.jpg,bright,1360,765,852.16,169.67,41.23,none,usable
0000319_01000_d_0000148_dark.jpg,0000319_01000_d_0000148.jpg,dark,1360,765,384.91,76.83,27.62,low_contrast,not_usable
0000319_01000_d_0000148_lowcontrast.jpg,0000319_01000_d_0000148.jpg,lowcontrast,1360,765,110.71,114.04,14.17,low_contrast,not_usable
0000319_01000_d_0000148_noise.jpg,0000319_01000_d_0000148.jpg,noise,1360,765,2063.11,117.42,39.08,none,usable
0000319_01000_d_0000148_original.jpg,0000319_01000_d_0000148.jpg,original,1360,765,731.74,117.43,38.3,none,usable
0000319_02000_d_0000150_blur.jpg,0000319_02000_d_0000150.jpg,blur,1360,765,3.2,113.78,34.29,"blurry, low_contrast",not_usable
0000319_02000_d_0000150_bright.jpg,0000319_02000_d_0000150.jpg,bright,1360,765,1069.22,191.54,43.16,none,usable
0000319_02000_d_0000150_dark.jpg,0000319_02000_d_0000150.jpg,dark,1360,765,340.42,59.59,25.74,"underexposed, low_contrast",not_usable
0000319_02000_d_0000150_lowcontrast.jpg,0000319_02000_d_0000150.jpg,lowcontrast,1360,765,158.06,110.77,17.81,low_contrast,not_usable
0000319_02000_d_0000150_noise.jpg,0000319_02000_d_0000150.jpg,noise,1360,765,1177.76,113.78,38.93,none,usable
0000319_02000_d_0000150_original.jpg,0000319_02000_d_0000150.jpg,original,1360,765,821.2,113.79,38.72,none,usable
0000319_02500_d_0000151_blur.jpg,0000319_02500_d_0000151.jpg,blur,1360,765,2.61,113.33,34.87,"blurry, low_contrast",not_usable
0000319_02500_d_0000151_bright.jpg,0000319_02500_d_0000151.jpg,bright,1360,765,742.19,200.58,40.95,overexposed,not_usable
0000319_02500_d_0000151_dark.jpg,0000319_02500_d_0000151.jpg,dark,1360,765,457.4,88.32,33.69,low_contrast,not_usable
0000319_02500_d_0000151_lowcontrast.jpg,0000319_02500_d_0000151.jpg,lowcontrast,1360,765,94.54,110.44,14.34,"blurry, low_contrast",not_usable
0000319_02500_d_0000151_noise.jpg,0000319_02500_d_0000151.jpg,noise,1360,765,982.28,113.32,39.1,none,usable
0000319_02500_d_0000151_original.jpg,0000319_02500_d_0000151.jpg,original,1360,765,626.45,113.33,38.89,none,usable
0000319_03000_d_0000152_blur.jpg,0000319_03000_d_0000152.jpg,blur,1360,765,6.87,119.42,41.7,blurry,not_usable
0000319_03000_d_0000152_bright.jpg,0000319_03000_d_0000152.jpg,bright,1360,765,952.48,210.95,45.76,overexposed,not_usable
0000319_03000_d_0000152_dark.jpg,0000319_03000_d_0000152.jpg,dark,1360,765,632.75,95.81,40.55,none,usable
0000319_03000_d_0000152_lowcontrast.jpg,0000319_03000_d_0000152.jpg,lowcontrast,1360,765,281.88,118.41,26.02,low_contrast,not_usable
0000319_03000_d_0000152_noise.jpg,0000319_03000_d_0000152.jpg,noise,1360,765,1332.35,119.43,46.76,none,usable
0000319_03000_d_0000152_original.jpg,0000319_03000_d_0000152.jpg,original,1360,765,846.31,119.42,46.55,none,usable
0000319_03500_d_0000153_blur.jpg,0000319_03500_d_0000153.jpg,blur,1360,765,7.39,139.74,48.58,blurry,not_usable
0000319_03500_d_0000153_bright.jpg,0000319_03500_d_0000153.jpg,bright,1360,765,462.46,210.57,47.35,overexposed,not_usable
0000319_03500_d_0000153_dark.jpg,0000319_03500_d_0000153.jpg,dark,1360,765,205.6,82.76,34.9,low_contrast,not_usable
0000319_03500_d_0000153_lowcontrast.jpg,0000319_03500_d_0000153.jpg,lowcontrast,1360,765,65.63,139.49,19.01,"blurry, low_contrast",not_usable
0000319_03500_d_0000153_noise.jpg,0000319_03500_d_0000153.jpg,noise,1360,765,811.99,139.75,52.71,none,usable
0000319_03500_d_0000153_original.jpg,0000319_03500_d_0000153.jpg,original,1360,765,458.46,139.74,52.61,none,usable
0000319_04000_d_0000154_blur.jpg,0000319_04000_d_0000154.jpg,blur,1360,765,8.97,127.11,38.99,blurry,not_usable
0000319_04000_d_0000154_bright.jpg,0000319_04000_d_0000154.jpg,bright,1360,765,927.34,210.39,42.42,overexposed,not_usable
0000319_04000_d_0000154_dark.jpg,0000319_04000_d_0000154.jpg,dark,1360,765,643.67,107.86,38.18,none,usable
0000319_04000_d_0000154_lowcontrast.jpg,0000319_04000_d_0000154.jpg,lowcontrast,1360,765,304.29,125.81,26.0,low_contrast,not_usable
0000319_04000_d_0000154_noise.jpg,0000319_04000_d_0000154.jpg,noise,1360,765,2152.16,127.1,43.69,none,usable
0000319_04000_d_0000154_original.jpg,0000319_04000_d_0000154.jpg,original,1360,765,829.35,127.11,43.03,none,usable
0000319_04500_d_0000155_blur.jpg,0000319_04500_d_0000155.jpg,blur,1360,765,3.65,124.53,38.11,blurry,not_usable
0000319_04500_d_0000155_bright.jpg,0000319_04500_d_0000155.jpg,bright,1360,765,1075.1,166.99,46.78,none,usable
0000319_04500_d_0000155_dark.jpg,0000319_04500_d_0000155.jpg,dark,1360,765,630.38,97.84,37.28,none,usable
0000319_04500_d_0000155_lowcontrast.jpg,0000319_04500_d_0000155.jpg,lowcontrast,1360,765,199.8,121.44,21.03,low_contrast,not_usable
0000319_04500_d_0000155_noise.jpg,0000319_04500_d_0000155.jpg,noise,1360,765,1652.41,124.52,43.53,none,usable
0000319_04500_d_0000155_original.jpg,0000319_04500_d_0000155.jpg,original,1360,765,867.93,124.53,43.13,none,usable
0000319_04999_d_0000156_blur.jpg,0000319_04999_d_0000156.jpg,blur,1360,765,4.85,128.01,39.82,blurry,not_usable
0000319_04999_d_0000156_bright.jpg,0000319_04999_d_0000156.jpg,bright,1360,765,951.7,199.25,48.99,none,usable
0000319_04999_d_0000156_dark.jpg,0000319_04999_d_0000156.jpg,dark,1360,765,486.78,93.19,35.53,none,usable
0000319_04999_d_0000156_lowcontrast.jpg,0000319_04999_d_0000156.jpg,lowcontrast,1360,765,173.75,126.93,21.65,low_contrast,not_usable
0000319_04999_d_0000156_noise.jpg,0000319_04999_d_0000156.jpg,noise,1360,765,985.09,128.02,44.78,none,usable
0000319_04999_d_0000156_original.jpg,0000319_04999_d_0000156.jpg,original,1360,765,761.36,128.01,44.66,none,usable
0000324_00000_d_0000157_blur.jpg,0000324_00000_d_0000157.jpg,blur,1360,765,22.04,109.68,42.51,blurry,not_usable
0000324_00000_d_0000157_bright.jpg,0000324_00000_d_0000157.jpg,bright,1360,765,1328.96,196.59,47.57,none,usable
0000324_00000_d_0000157_dark.jpg,0000324_00000_d_0000157.jpg,dark,1360,765,662.75,70.49,33.48,low_contrast,not_usable
0000324_00000_d_0000157_lowcontrast.jpg,0000324_00000_d_0000157.jpg,lowcontrast,1360,765,567.7,108.73,31.39,low_contrast,not_usable
0000324_00000_d_0000157_noise.jpg,0000324_00000_d_0000157.jpg,noise,1360,765,1556.94,109.68,45.62,none,usable
0000324_00000_d_0000157_original.jpg,0000324_00000_d_0000157.jpg,original,1360,765,1207.73,109.68,45.46,none,usable
0000324_00500_d_0000158_blur.jpg,0000324_00500_d_0000158.jpg,blur,1360,765,2.69,95.5,39.72,blurry,not_usable
0000324_00500_d_0000158_bright.jpg,0000324_00500_d_0000158.jpg,bright,1360,765,1111.17,187.83,46.93,none,usable
0000324_00500_d_0000158_dark.jpg,0000324_00500_d_0000158.jpg,dark,1360,765,442.71,54.49,32.56,"underexposed, low_contrast",not_usable
0000324_00500_d_0000158_lowcontrast.jpg,0000324_00500_d_0000158.jpg,lowcontrast,1360,765,237.13,94.64,22.91,low_contrast,not_usable
0000324_00500_d_0000158_noise.jpg,0000324_00500_d_0000158.jpg,noise,1360,765,1410.6,95.5,43.6,none,usable
0000324_00500_d_0000158_original.jpg,0000324_00500_d_0000158.jpg,original,1360,765,777.3,95.5,43.27,none,usable
0000324_01000_d_0000159_blur.jpg,0000324_01000_d_0000159.jpg,blur,1360,765,3.63,118.56,42.9,blurry,not_usable
0000324_01000_d_0000159_bright.jpg,0000324_01000_d_0000159.jpg,bright,1360,765,2098.3,206.45,48.48,overexposed,not_usable
0000324_01000_d_0000159_dark.jpg,0000324_01000_d_0000159.jpg,dark,1360,765,920.74,79.1,38.09,none,usable
0000324_01000_d_0000159_lowcontrast.jpg,0000324_01000_d_0000159.jpg,lowcontrast,1360,765,201.32,116.49,16.38,low_contrast,not_usable
0000324_01000_d_0000159_noise.jpg,0000324_01000_d_0000159.jpg,noise,1360,765,2396.74,118.57,48.22,none,usable
0000324_01000_d_0000159_original.jpg,0000324_01000_d_0000159.jpg,original,1360,765,1445.54,118.56,47.76,none,usable
0000324_01500_d_0000160_blur.jpg,0000324_01500_d_0000160.jpg,blur,1360,765,16.07,119.52,40.94,blurry,not_usable
0000324_01500_d_0000160_bright.jpg,0000324_01500_d_0000160.jpg,bright,1360,765,1582.66,195.32,45.97,none,usable
0000324_01500_d_0000160_dark.jpg,0000324_01500_d_0000160.jpg,dark,1360,765,922.46,77.87,35.11,none,usable
0000324_01500_d_0000160_lowcontrast.jpg,0000324_01500_d_0000160.jpg,lowcontrast,1360,765,317.64,118.8,21.58,low_contrast,not_usable
0000324_01500_d_0000160_noise.jpg,0000324_01500_d_0000160.jpg,noise,1360,765,2838.74,119.52,46.14,none,usable
0000324_01500_d_0000160_original.jpg,0000324_01500_d_0000160.jpg,original,1360,765,1513.0,119.53,45.49,none,usable
0000324_02000_d_0000161_blur.jpg,0000324_02000_d_0000161.jpg,blur,1360,765,11.21,131.96,43.06,blurry,not_usable
0000324_02000_d_0000161_bright.jpg,0000324_02000_d_0000161.jpg,bright,1360,765,1659.4,217.64,41.07,overexposed,not_usable
0000324_02000_d_0000161_dark.jpg,0000324_02000_d_0000161.jpg,dark,1360,765,955.68,86.79,35.73,none,usable
0000324_02000_d_0000161_lowcontrast.jpg,0000324_02000_d_0000161.jpg,lowcontrast,1360,765,297.7,131.48,21.01,low_contrast,not_usable
0000324_02000_d_0000161_noise.jpg,0000324_02000_d_0000161.jpg,noise,1360,765,1904.68,131.96,48.39,none,usable
0000324_02000_d_0000161_original.jpg,0000324_02000_d_0000161.jpg,original,1360,765,1677.87,131.96,48.28,none,usable
0000324_02500_d_0000162_blur.jpg,0000324_02500_d_0000162.jpg,blur,1360,765,4.34,121.41,38.52,blurry,not_usable
0000324_02500_d_0000162_bright.jpg,0000324_02500_d_0000162.jpg,bright,1360,765,1935.49,196.87,48.24,none,usable
0000324_02500_d_0000162_dark.jpg,0000324_02500_d_0000162.jpg,dark,1360,765,615.65,64.0,30.15,low_contrast,not_usable
0000324_02500_d_0000162_lowcontrast.jpg,0000324_02500_d_0000162.jpg,lowcontrast,1360,765,243.99,121.27,18.79,low_contrast,not_usable
0000324_02500_d_0000162_noise.jpg,0000324_02500_d_0000162.jpg,noise,1360,765,1952.65,121.41,45.68,none,usable
0000324_02500_d_0000162_original.jpg,0000324_02500_d_0000162.jpg,original,1360,765,1456.91,121.41,45.41,none,usable
0000332_00450_d_0000027_blur.jpg,0000332_00450_d_0000027.jpg,blur,1360,765,2.92,124.98,31.74,"blurry, low_contrast",not_usable
0000332_00450_d_0000027_bright.jpg,0000332_00450_d_0000027.jpg,bright,1360,765,1022.12,213.5,40.3,overexposed,not_usable
0000332_00450_d_0000027_dark.jpg,0000332_00450_d_0000027.jpg,dark,1360,765,328.39,67.74,24.09,low_contrast,not_usable
0000332_00450_d_0000027_lowcontrast.jpg,0000332_00450_d_0000027.jpg,lowcontrast,1360,765,356.3,124.72,24.73,low_contrast,not_usable
0000332_00450_d_0000027_noise.jpg,0000332_00450_d_0000027.jpg,noise,1360,765,1905.58,124.97,36.74,none,usable
0000332_00450_d_0000027_original.jpg,0000332_00450_d_0000027.jpg,original,1360,765,766.15,124.98,36.01,none,usable
0000332_00600_d_0000028_blur.jpg,0000332_00600_d_0000028.jpg,blur,1360,765,5.9,120.48,31.06,"blurry, low_contrast",not_usable
0000332_00600_d_0000028_bright.jpg,0000332_00600_d_0000028.jpg,bright,1360,765,1014.41,189.77,38.69,none,usable
0000332_00600_d_0000028_dark.jpg,0000332_00600_d_0000028.jpg,dark,1360,765,504.92,78.17,27.44,low_contrast,not_usable
0000332_00600_d_0000028_lowcontrast.jpg,0000332_00600_d_0000028.jpg,lowcontrast,1360,765,265.64,120.12,19.22,low_contrast,not_usable
0000332_00600_d_0000028_noise.jpg,0000332_00600_d_0000028.jpg,noise,1360,765,1749.44,120.46,35.07,none,usable
0000332_00600_d_0000028_original.jpg,0000332_00600_d_0000028.jpg,original,1360,765,789.09,120.48,34.42,low_contrast,not_usable
0000332_00750_d_0000029_blur.jpg,0000332_00750_d_0000029.jpg,blur,1360,765,6.69,118.71,35.46,blurry,not_usable
0000332_00750_d_0000029_bright.jpg,0000332_00750_d_0000029.jpg,bright,1360,765,1450.93,202.6,44.3,overexposed,not_usable
0000332_00750_d_0000029_dark.jpg,0000332_00750_d_0000029.jpg,dark,1360,765,658.99,79.02,31.87,low_contrast,not_usable
0000332_00750_d_0000029_lowcontrast.jpg,0000332_00750_d_0000029.jpg,lowcontrast,1360,765,265.26,118.04,19.64,low_contrast,not_usable
0000332_00750_d_0000029_noise.jpg,0000332_00750_d_0000029.jpg,noise,1360,765,1239.5,118.69,39.21,none,usable
0000332_00750_d_0000029_original.jpg,0000332_00750_d_0000029.jpg,original,1360,765,1011.72,118.71,39.07,none,usable
0000332_01624_d_0000032_blur.jpg,0000332_01624_d_0000032.jpg,blur,1360,765,2.73,119.48,32.5,"blurry, low_contrast",not_usable
0000332_01624_d_0000032_bright.jpg,0000332_01624_d_0000032.jpg,bright,1360,765,793.83,212.37,38.06,overexposed,not_usable
0000332_01624_d_0000032_dark.jpg,0000332_01624_d_0000032.jpg,dark,1360,765,401.82,72.85,26.4,low_contrast,not_usable
0000332_01624_d_0000032_lowcontrast.jpg,0000332_01624_d_0000032.jpg,lowcontrast,1360,765,178.29,118.89,17.95,low_contrast,not_usable
0000332_01624_d_0000032_noise.jpg,0000332_01624_d_0000032.jpg,noise,1360,765,1367.05,119.46,36.7,none,usable
0000332_01624_d_0000032_original.jpg,0000332_01624_d_0000032.jpg,original,1360,765,727.17,119.48,36.29,none,usable
0000332_02382_d_0000034_blur.jpg,0000332_02382_d_0000034.jpg,blur,1360,765,5.65,113.05,34.68,"blurry, low_contrast",not_usable
0000332_02382_d_0000034_bright.jpg,0000332_02382_d_0000034.jpg,bright,1360,765,1222.03,185.7,48.46,none,usable
0000332_02382_d_0000034_dark.jpg,0000332_02382_d_0000034.jpg,dark,1360,765,346.94,66.83,25.86,low_contrast,not_usable
0000332_02382_d_0000034_lowcontrast.jpg,0000332_02382_d_0000034.jpg,lowcontrast,1360,765,195.54,112.67,18.96,low_contrast,not_usable
0000332_02382_d_0000034_noise.jpg,0000332_02382_d_0000034.jpg,noise,1360,765,971.73,113.03,37.72,none,usable
0000332_02382_d_0000034_original.jpg,0000332_02382_d_0000034.jpg,original,1360,765,743.27,113.05,37.57,none,usable
0000332_02809_d_0000035_blur.jpg,0000332_02809_d_0000035.jpg,blur,1360,765,3.34,117.52,35.1,blurry,not_usable
0000332_02809_d_0000035_bright.jpg,0000332_02809_d_0000035.jpg,bright,1360,765,1307.53,182.86,46.46,none,usable
0000332_02809_d_0000035_dark.jpg,0000332_02809_d_0000035.jpg,dark,1360,765,665.37,86.12,34.61,low_contrast,not_usable
0000332_02809_d_0000035_lowcontrast.jpg,0000332_02809_d_0000035.jpg,lowcontrast,1360,765,135.11,117.41,14.6,low_contrast,not_usable
0000332_02809_d_0000035_noise.jpg,0000332_02809_d_0000035.jpg,noise,1360,765,1398.3,117.52,40.13,none,usable
0000332_02809_d_0000035_original.jpg,0000332_02809_d_0000035.jpg,original,1360,765,902.37,117.52,39.85,none,usable
0000340_00000_d_0000163_blur.jpg,0000340_00000_d_0000163.jpg,blur,1360,765,2.78,118.75,37.74,blurry,not_usable
0000340_00000_d_0000163_bright.jpg,0000340_00000_d_0000163.jpg,bright,1360,765,470.78,188.88,42.61,none,usable
0000340_00000_d_0000163_dark.jpg,0000340_00000_d_0000163.jpg,dark,1360,765,162.62,69.48,28.38,low_contrast,not_usable
0000340_00000_d_0000163_lowcontrast.jpg,0000340_00000_d_0000163.jpg,lowcontrast,1360,765,179.01,118.66,29.55,low_contrast,not_usable
0000340_00000_d_0000163_noise.jpg,0000340_00000_d_0000163.jpg,noise,1360,765,1172.77,118.75,43.37,none,usable
0000340_00000_d_0000163_original.jpg,0000340_00000_d_0000163.jpg,original,1360,765,380.38,118.75,42.95,none,usable
0000340_00500_d_0000164_blur.jpg,0000340_00500_d_0000164.jpg,blur,1360,765,2.64,120.8,36.98,blurry,not_usable
0000340_00500_d_0000164_bright.jpg,0000340_00500_d_0000164.jpg,bright,1360,765,572.46,208.52,33.56,"overexposed, low_contrast",not_usable
0000340_00500_d_0000164_dark.jpg,0000340_00500_d_0000164.jpg,dark,1360,765,345.16,72.58,29.95,low_contrast,not_usable
0000340_00500_d_0000164_lowcontrast.jpg,0000340_00500_d_0000164.jpg,lowcontrast,1360,765,257.52,120.6,25.98,low_contrast,not_usable
0000340_00500_d_0000164_noise.jpg,0000340_00500_d_0000164.jpg,noise,1360,765,1322.54,120.78,42.63,none,usable
0000340_00500_d_0000164_original.jpg,0000340_00500_d_0000164.jpg,original,1360,765,685.55,120.79,42.3,none,usable
0000340_01000_d_0000165_blur.jpg,0000340_01000_d_0000165.jpg,blur,1360,765,4.82,118.2,43.43,blurry,not_usable
0000340_01000_d_0000165_bright.jpg,0000340_01000_d_0000165.jpg,bright,1360,765,804.37,181.0,48.77,none,usable
0000340_01000_d_0000165_dark.jpg,0000340_01000_d_0000165.jpg,dark,1360,765,472.59,90.89,40.69,none,usable
0000340_01000_d_0000165_lowcontrast.jpg,0000340_01000_d_0000165.jpg,lowcontrast,1360,765,264.58,117.98,30.35,low_contrast,not_usable
0000340_01000_d_0000165_noise.jpg,0000340_01000_d_0000165.jpg,noise,1360,765,1849.37,118.21,50.16,none,usable
0000340_01000_d_0000165_original.jpg,0000340_01000_d_0000165.jpg,original,1360,765,708.78,118.21,49.66,none,usable
0000340_01500_d_0000166_blur.jpg,0000340_01500_d_0000166.jpg,blur,1360,765,9.24,120.96,40.27,blurry,not_usable
0000340_01500_d_0000166_bright.jpg,0000340_01500_d_0000166.jpg,bright,1360,765,666.99,189.4,48.87,none,usable
0000340_01500_d_0000166_dark.jpg,0000340_01500_d_0000166.jpg,dark,1360,765,357.04,87.46,37.5,none,usable
0000340_01500_d_0000166_lowcontrast.jpg,0000340_01500_d_0000166.jpg,lowcontrast,1360,765,163.6,120.69,24.55,low_contrast,not_usable
0000340_01500_d_0000166_noise.jpg,0000340_01500_d_0000166.jpg,noise,1360,765,1452.47,120.96,44.52,none,usable
0000340_01500_d_0000166_original.jpg,0000340_01500_d_0000166.jpg,original,1360,765,500.6,120.95,44.06,none,usable
0000340_02500_d_0000168_blur.jpg,0000340_02500_d_0000168.jpg,blur,1360,765,14.58,105.34,47.71,blurry,not_usable
0000340_02500_d_0000168_bright.jpg,0000340_02500_d_0000168.jpg,bright,1360,765,380.97,187.72,48.46,none,usable
0000340_02500_d_0000168_dark.jpg,0000340_02500_d_0000168.jpg,dark,1360,765,298.05,70.75,41.38,none,usable
0000340_02500_d_0000168_lowcontrast.jpg,0000340_02500_d_0000168.jpg,lowcontrast,1360,765,63.64,105.01,18.46,"blurry, low_contrast",not_usable
0000340_02500_d_0000168_noise.jpg,0000340_02500_d_0000168.jpg,noise,1360,765,1766.96,105.39,51.16,none,usable
0000340_02500_d_0000168_original.jpg,0000340_02500_d_0000168.jpg,original,1360,765,441.92,105.34,50.61,none,usable
0000340_03000_d_0000169_blur.jpg,0000340_03000_d_0000169.jpg,blur,1360,765,6.59,103.16,41.05,blurry,not_usable
0000340_03000_d_0000169_bright.jpg,0000340_03000_d_0000169.jpg,bright,1360,765,437.09,181.31,55.52,none,usable
0000340_03000_d_0000169_dark.jpg,0000340_03000_d_0000169.jpg,dark,1360,765,199.18,70.78,36.92,none,usable
0000340_03000_d_0000169_lowcontrast.jpg,0000340_03000_d_0000169.jpg,lowcontrast,1360,765,106.83,103.13,27.26,low_contrast,not_usable
0000340_03000_d_0000169_noise.jpg,0000340_03000_d_0000169.jpg,noise,1360,765,1229.55,103.19,43.97,none,usable
0000340_03000_d_0000169_original.jpg,0000340_03000_d_0000169.jpg,original,1360,765,273.32,103.16,43.48,none,usable
0000340_03500_d_0000170_blur.jpg,0000340_03500_d_0000170.jpg,blur,1360,765,7.46,120.68,44.53,blurry,not_usable
0000340_03500_d_0000170_bright.jpg,0000340_03500_d_0000170.jpg,bright,1360,765,147.69,187.65,51.45,none,usable
0000340_03500_d_0000170_dark.jpg,0000340_03500_d_0000170.jpg,dark,1360,765,73.82,82.97,34.15,"blurry, low_contrast",not_usable
0000340_03500_d_0000170_lowcontrast.jpg,0000340_03500_d_0000170.jpg,lowcontrast,1360,765,26.46,119.59,20.61,"blurry, low_contrast",not_usable
0000340_03500_d_0000170_noise.jpg,0000340_03500_d_0000170.jpg,noise,1360,765,485.73,120.68,45.5,none,usable
0000340_03500_d_0000170_original.jpg,0000340_03500_d_0000170.jpg,original,1360,765,125.67,120.68,45.31,none,usable
0000340_03991_d_0000171_blur.jpg,0000340_03991_d_0000171.jpg,blur,1360,765,3.06,125.12,37.61,blurry,not_usable
0000340_03991_d_0000171_bright.jpg,0000340_03991_d_0000171.jpg,bright,1360,765,175.75,232.35,32.82,"overexposed, low_contrast",not_usable
0000340_03991_d_0000171_dark.jpg,0000340_03991_d_0000171.jpg,dark,1360,765,104.83,78.34,28.61,low_contrast,not_usable
0000340_03991_d_0000171_lowcontrast.jpg,0000340_03991_d_0000171.jpg,lowcontrast,1360,765,74.38,124.56,23.77,"blurry, low_contrast",not_usable
0000340_03991_d_0000171_noise.jpg,0000340_03991_d_0000171.jpg,noise,1360,765,1168.48,125.12,41.08,none,usable
0000340_03991_d_0000171_original.jpg,0000340_03991_d_0000171.jpg,original,1360,765,207.87,125.12,40.53,none,usable
0000350_00000_d_0000172_blur.jpg,0000350_00000_d_0000172.jpg,blur,1360,765,9.04,94.83,41.71,blurry,not_usable
0000350_00000_d_0000172_bright.jpg,0000350_00000_d_0000172.jpg,bright,1360,765,1580.07,180.3,51.26,none,usable
0000350_00000_d_0000172_dark.jpg,0000350_00000_d_0000172.jpg,dark,1360,765,480.66,54.05,31.18,"underexposed, low_contrast",not_usable
0000350_00000_d_0000172_lowcontrast.jpg,0000350_00000_d_0000172.jpg,lowcontrast,1360,765,373.03,94.85,26.5,low_contrast,not_usable
0000350_00000_d_0000172_noise.jpg,0000350_00000_d_0000172.jpg,noise,1360,765,1550.38,94.84,45.96,none,usable
0000350_00000_d_0000172_original.jpg,0000350_00000_d_0000172.jpg,original,1360,765,1062.32,94.83,45.75,none,usable
0000350_00500_d_0000173_blur.jpg,0000350_00500_d_0000173.jpg,blur,1360,765,3.21,133.34,39.76,blurry,not_usable
0000350_00500_d_0000173_bright.jpg,0000350_00500_d_0000173.jpg,bright,1360,765,1395.7,201.64,47.8,overexposed,not_usable
0000350_00500_d_0000173_dark.jpg,0000350_00500_d_0000173.jpg,dark,1360,765,628.9,81.71,35.2,none,usable
0000350_00500_d_0000173_lowcontrast.jpg,0000350_00500_d_0000173.jpg,lowcontrast,1360,765,172.37,133.28,18.65,low_contrast,not_usable
0000350_00500_d_0000173_noise.jpg,0000350_00500_d_0000173.jpg,noise,1360,765,1538.27,133.32,46.51,none,usable
0000350_00500_d_0000173_original.jpg,0000350_00500_d_0000173.jpg,original,1360,765,1050.31,133.33,46.3,none,usable
0000350_01000_d_0000174_blur.jpg,0000350_01000_d_0000174.jpg,blur,1360,765,3.07,116.28,31.85,"blurry, low_contrast",not_usable
0000350_01000_d_0000174_bright.jpg,0000350_01000_d_0000174.jpg,bright,1360,765,1167.47,163.87,40.19,none,usable
0000350_01000_d_0000174_dark.jpg,0000350_01000_d_0000174.jpg,dark,1360,765,405.03,67.87,25.92,low_contrast,not_usable
0000350_01000_d_0000174_lowcontrast.jpg,0000350_01000_d_0000174.jpg,lowcontrast,1360,765,113.7,116.49,12.29,low_contrast,not_usable
0000350_01000_d_0000174_noise.jpg,0000350_01000_d_0000174.jpg,noise,1360,765,2046.86,116.27,38.93,none,usable
0000350_01000_d_0000174_original.jpg,0000350_01000_d_0000174.jpg,original,1360,765,920.06,116.27,38.28,none,usable
0000350_01500_d_0000175_blur.jpg,0000350_01500_d_0000175.jpg,blur,1360,765,2.55,115.48,29.93,"blurry, low_contrast",not_usable
0000350_01500_d_0000175_bright.jpg,0000350_01500_d_0000175.jpg,bright,1360,765,1196.89,173.23,43.46,none,usable
0000350_01500_d_0000175_dark.jpg,0000350_01500_d_0000175.jpg,dark,1360,765,356.79,71.94,24.02,low_contrast,not_usable
0000350_01500_d_0000175_lowcontrast.jpg,0000350_01500_d_0000175.jpg,lowcontrast,1360,765,278.85,115.45,20.02,low_contrast,not_usable
0000350_01500_d_0000175_noise.jpg,0000350_01500_d_0000175.jpg,noise,1360,765,1485.31,115.46,36.54,none,usable
0000350_01500_d_0000175_original.jpg,0000350_01500_d_0000175.jpg,original,1360,765,846.07,115.46,36.14,none,usable
0000350_02000_d_0000176_blur.jpg,0000350_02000_d_0000176.jpg,blur,1360,765,9.33,120.42,37.35,blurry,not_usable
0000350_02000_d_0000176_bright.jpg,0000350_02000_d_0000176.jpg,bright,1360,765,1268.56,190.8,46.2,none,usable
0000350_02000_d_0000176_dark.jpg,0000350_02000_d_0000176.jpg,dark,1360,765,523.03,67.09,30.15,low_contrast,not_usable
0000350_02000_d_0000176_lowcontrast.jpg,0000350_02000_d_0000176.jpg,lowcontrast,1360,765,300.45,120.55,22.17,low_contrast,not_usable
0000350_02000_d_0000176_noise.jpg,0000350_02000_d_0000176.jpg,noise,1360,765,1484.45,120.41,42.16,none,usable
0000350_02000_d_0000176_original.jpg,0000350_02000_d_0000176.jpg,original,1360,765,989.48,120.41,41.89,none,usable
0000350_02500_d_0000177_blur.jpg,0000350_02500_d_0000177.jpg,blur,1360,765,12.61,108.07,41.1,blurry,not_usable
0000350_02500_d_0000177_bright.jpg,0000350_02500_d_0000177.jpg,bright,1360,765,1203.95,173.22,47.12,none,usable
0000350_02500_d_0000177_dark.jpg,0000350_02500_d_0000177.jpg,dark,1360,765,646.03,75.43,34.67,low_contrast,not_usable
0000350_02500_d_0000177_lowcontrast.jpg,0000350_02500_d_0000177.jpg,lowcontrast,1360,765,298.57,107.8,23.04,low_contrast,not_usable
0000350_02500_d_0000177_noise.jpg,0000350_02500_d_0000177.jpg,noise,1360,765,1262.96,108.07,44.57,none,usable
0000350_02500_d_0000177_original.jpg,0000350_02500_d_0000177.jpg,original,1360,765,1039.58,108.07,44.44,none,usable
0000350_03000_d_0000178_blur.jpg,0000350_03000_d_0000178.jpg,blur,1360,765,3.1,126.72,41.8,blurry,not_usable
0000350_03000_d_0000178_bright.jpg,0000350_03000_d_0000178.jpg,bright,1360,765,1147.77,204.29,50.06,overexposed,not_usable
0000350_03000_d_0000178_dark.jpg,0000350_03000_d_0000178.jpg,dark,1360,765,667.03,91.15,40.19,none,usable
0000350_03000_d_0000178_lowcontrast.jpg,0000350_03000_d_0000178.jpg,lowcontrast,1360,765,151.48,125.45,18.69,low_contrast,not_usable
0000350_03000_d_0000178_noise.jpg,0000350_03000_d_0000178.jpg,noise,1360,765,1149.82,126.72,46.62,none,usable
0000350_03000_d_0000178_original.jpg,0000350_03000_d_0000178.jpg,original,1360,765,923.91,126.71,46.5,none,usable
0000350_03500_d_0000179_blur.jpg,0000350_03500_d_0000179.jpg,blur,1360,765,3.71,134.57,39.34,blurry,not_usable
0000350_03500_d_0000179_bright.jpg,0000350_03500_d_0000179.jpg,bright,1360,765,1109.93,213.91,42.33,overexposed,not_usable
0000350_03500_d_0000179_dark.jpg,0000350_03500_d_0000179.jpg,dark,1360,765,760.14,105.03,37.57,none,usable
0000350_03500_d_0000179_lowcontrast.jpg,0000350_03500_d_0000179.jpg,lowcontrast,1360,765,363.81,133.44,24.51,low_contrast,not_usable
0000350_03500_d_0000179_noise.jpg,0000350_03500_d_0000179.jpg,noise,1360,765,2048.09,134.55,44.86,none,usable
0000350_03500_d_0000179_original.jpg,0000350_03500_d_0000179.jpg,original,1360,765,1098.04,134.55,44.38,none,usable
0000350_04000_d_0000180_blur.jpg,0000350_04000_d_0000180.jpg,blur,1360,765,7.66,146.42,40.19,blurry,not_usable
0000350_04000_d_0000180_bright.jpg,0000350_04000_d_0000180.jpg,bright,1360,765,948.77,221.01,42.31,overexposed,not_usable
0000350_04000_d_0000180_dark.jpg,0000350_04000_d_0000180.jpg,dark,1360,765,337.05,86.79,28.68,low_contrast,not_usable
0000350_04000_d_0000180_lowcontrast.jpg,0000350_04000_d_0000180.jpg,lowcontrast,1360,765,314.9,145.34,27.47,low_contrast,not_usable
0000350_04000_d_0000180_noise.jpg,0000350_04000_d_0000180.jpg,noise,1360,765,2146.96,146.39,44.13,none,usable
0000350_04000_d_0000180_original.jpg,0000350_04000_d_0000180.jpg,original,1360,765,817.25,146.41,43.46,none,usable
0000350_04500_d_0000181_blur.jpg,0000350_04500_d_0000181.jpg,blur,1360,765,2.34,119.04,41.54,blurry,not_usable
0000350_04500_d_0000181_bright.jpg,0000350_04500_d_0000181.jpg,bright,1360,765,573.56,198.08,41.59,none,usable
0000350_04500_d_0000181_dark.jpg,0000350_04500_d_0000181.jpg,dark,1360,765,362.29,80.21,36.16,none,usable
0000350_04500_d_0000181_lowcontrast.jpg,0000350_04500_d_0000181.jpg,lowcontrast,1360,765,247.85,118.3,30.33,low_contrast,not_usable
0000350_04500_d_0000181_noise.jpg,0000350_04500_d_0000181.jpg,noise,1360,765,783.55,119.05,44.89,none,usable
0000350_04500_d_0000181_original.jpg,0000350_04500_d_0000181.jpg,original,1360,765,557.89,119.03,44.76,none,usable
0000350_05500_d_0000183_blur.jpg,0000350_05500_d_0000183.jpg,blur,1360,765,4.07,118.98,39.53,blurry,not_usable
0000350_05500_d_0000183_bright.jpg,0000350_05500_d_0000183.jpg,bright,1360,765,829.13,202.09,47.0,overexposed,not_usable
0000350_05500_d_0000183_dark.jpg,0000350_05500_d_0000183.jpg,dark,1360,765,266.27,69.37,30.1,low_contrast,not_usable
0000350_05500_d_0000183_lowcontrast.jpg,0000350_05500_d_0000183.jpg,lowcontrast,1360,765,240.45,118.2,28.97,low_contrast,not_usable
0000350_05500_d_0000183_noise.jpg,0000350_05500_d_0000183.jpg,noise,1360,765,1689.67,118.97,43.62,none,usable
0000350_05500_d_0000183_original.jpg,0000350_05500_d_0000183.jpg,original,1360,765,551.18,118.98,43.01,none,usable
0000350_06000_d_0000184_blur.jpg,0000350_06000_d_0000184.jpg,blur,1360,765,2.36,112.85,40.09,blurry,not_usable
0000350_06000_d_0000184_bright.jpg,0000350_06000_d_0000184.jpg,bright,1360,765,731.03,205.29,43.59,overexposed,not_usable
0000350_06000_d_0000184_dark.jpg,0000350_06000_d_0000184.jpg,dark,1360,765,354.01,66.67,31.16,low_contrast,not_usable
0000350_06000_d_0000184_lowcontrast.jpg,0000350_06000_d_0000184.jpg,lowcontrast,1360,765,254.6,112.69,27.06,low_contrast,not_usable
0000350_06000_d_0000184_noise.jpg,0000350_06000_d_0000184.jpg,noise,1360,765,1639.61,112.87,44.65,none,usable
0000350_06000_d_0000184_original.jpg,0000350_06000_d_0000184.jpg,original,1360,765,685.52,112.84,44.17,none,usable
0000350_06500_d_0000185_blur.jpg,0000350_06500_d_0000185.jpg,blur,1360,765,3.53,125.53,45.11,blurry,not_usable
0000350_06500_d_0000185_bright.jpg,0000350_06500_d_0000185.jpg,bright,1360,765,266.69,196.71,47.24,none,usable
0000350_06500_d_0000185_dark.jpg,0000350_06500_d_0000185.jpg,dark,1360,765,108.28,76.52,32.17,low_contrast,not_usable
0000350_06500_d_0000185_lowcontrast.jpg,0000350_06500_d_0000185.jpg,lowcontrast,1360,765,84.82,124.74,28.21,"blurry, low_contrast",not_usable
0000350_06500_d_0000185_noise.jpg,0000350_06500_d_0000185.jpg,noise,1360,765,1373.02,125.52,47.76,none,usable
0000350_06500_d_0000185_original.jpg,0000350_06500_d_0000185.jpg,original,1360,765,231.67,125.53,47.22,none,usable
0000350_07000_d_0000186_blur.jpg,0000350_07000_d_0000186.jpg,blur,1360,765,3.69,125.22,41.52,blurry,not_usable
0000350_07000_d_0000186_bright.jpg,0000350_07000_d_0000186.jpg,bright,1360,765,1097.05,203.93,48.05,overexposed,not_usable
0000350_07000_d_0000186_dark.jpg,0000350_07000_d_0000186.jpg,dark,1360,765,724.2,106.87,40.99,none,usable
0000350_07000_d_0000186_lowcontrast.jpg,0000350_07000_d_0000186.jpg,lowcontrast,1360,765,392.22,124.73,30.73,low_contrast,not_usable
0000350_07000_d_0000186_noise.jpg,0000350_07000_d_0000186.jpg,noise,1360,765,1702.21,125.21,46.28,none,usable
0000350_07000_d_0000186_original.jpg,0000350_07000_d_0000186.jpg,original,1360,765,914.41,125.22,45.88,none,usable
0000350_07500_d_0000187_blur.jpg,0000350_07500_d_0000187.jpg,blur,1360,765,11.15,133.33,38.76,blurry,not_usable
0000350_07500_d_0000187_bright.jpg,0000350_07500_d_0000187.jpg,bright,1360,765,654.95,225.86,34.76,"overexposed, low_contrast",not_usable
0000350_07500_d_0000187_dark.jpg,0000350_07500_d_0000187.jpg,dark,1360,765,540.59,92.93,34.64,low_contrast,not_usable
0000350_07500_d_0000187_lowcontrast.jpg,0000350_07500_d_0000187.jpg,lowcontrast,1360,765,122.15,132.98,15.56,low_contrast,not_usable
0000350_07500_d_0000187_noise.jpg,0000350_07500_d_0000187.jpg,noise,1360,765,1594.49,133.33,42.13,none,usable
0000350_07500_d_0000187_original.jpg,0000350_07500_d_0000187.jpg,original,1360,765,801.49,133.33,41.7,none,usable
0000354_00000_d_0000201_blur.jpg,0000354_00000_d_0000201.jpg,blur,960,540,4.46,114.07,41.83,blurry,not_usable
0000354_00000_d_0000201_bright.jpg,0000354_00000_d_0000201.jpg,bright,960,540,3665.42,188.02,59.1,none,usable
0000354_00000_d_0000201_dark.jpg,0000354_00000_d_0000201.jpg,dark,960,540,1176.11,67.11,33.52,low_contrast,not_usable
0000354_00000_d_0000201_lowcontrast.jpg,0000354_00000_d_0000201.jpg,lowcontrast,960,540,583.12,114.26,23.8,low_contrast,not_usable
0000354_00000_d_0000201_noise.jpg,0000354_00000_d_0000201.jpg,noise,960,540,3829.15,114.07,50.29,none,usable
0000354_00000_d_0000201_original.jpg,0000354_00000_d_0000201.jpg,original,960,540,2698.74,114.07,49.8,none,usable
0000354_00500_d_0000202_blur.jpg,0000354_00500_d_0000202.jpg,blur,960,540,10.09,115.8,40.59,blurry,not_usable
0000354_00500_d_0000202_bright.jpg,0000354_00500_d_0000202.jpg,bright,960,540,2482.08,206.46,49.54,overexposed,not_usable
0000354_00500_d_0000202_dark.jpg,0000354_00500_d_0000202.jpg,dark,960,540,1441.49,86.23,37.83,none,usable
0000354_00500_d_0000202_lowcontrast.jpg,0000354_00500_d_0000202.jpg,lowcontrast,960,540,868.97,115.73,29.81,low_contrast,not_usable
0000354_00500_d_0000202_noise.jpg,0000354_00500_d_0000202.jpg,noise,960,540,3129.48,115.81,46.52,none,usable
0000354_00500_d_0000202_original.jpg,0000354_00500_d_0000202.jpg,original,960,540,2180.71,115.79,46.05,none,usable
0000354_01000_d_0000203_blur.jpg,0000354_01000_d_0000203.jpg,blur,960,540,3.5,120.5,39.77,blurry,not_usable
0000354_01000_d_0000203_bright.jpg,0000354_01000_d_0000203.jpg,bright,960,540,2431.86,193.24,48.34,none,usable
0000354_01000_d_0000203_dark.jpg,0000354_01000_d_0000203.jpg,dark,960,540,1191.0,67.72,33.28,low_contrast,not_usable
0000354_01000_d_0000203_lowcontrast.jpg,0000354_01000_d_0000203.jpg,lowcontrast,960,540,450.75,120.4,21.56,low_contrast,not_usable
0000354_01000_d_0000203_noise.jpg,0000354_01000_d_0000203.jpg,noise,960,540,2834.93,120.5,46.93,none,usable
0000354_01000_d_0000203_original.jpg,0000354_01000_d_0000203.jpg,original,960,540,2340.49,120.5,46.69,none,usable
0000362_00000_d_0000212_blur.jpg,0000362_00000_d_0000212.jpg,blur,1360,765,24.35,153.34,36.89,blurry,not_usable
0000362_00000_d_0000212_bright.jpg,0000362_00000_d_0000212.jpg,bright,1360,765,916.67,192.16,40.21,none,usable
0000362_00000_d_0000212_dark.jpg,0000362_00000_d_0000212.jpg,dark,1360,765,397.18,99.12,27.6,low_contrast,not_usable
0000362_00000_d_0000212_lowcontrast.jpg,0000362_00000_d_0000212.jpg,lowcontrast,1360,765,140.18,153.45,15.9,low_contrast,not_usable
0000362_00000_d_0000212_noise.jpg,0000362_00000_d_0000212.jpg,noise,1360,765,1807.94,153.3,40.75,none,usable
0000362_00000_d_0000212_original.jpg,0000362_00000_d_0000212.jpg,original,1360,765,865.77,153.32,40.27,none,usable
0000362_00050_d_0000213_blur.jpg,0000362_00050_d_0000213.jpg,blur,1360,765,3.97,156.51,32.47,"blurry, low_contrast",not_usable
0000362_00050_d_0000213_bright.jpg,0000362_00050_d_0000213.jpg,bright,1360,765,480.53,242.33,25.05,"overexposed, low_contrast",not_usable
0000362_00050_d_0000213_dark.jpg,0000362_00050_d_0000213.jpg,dark,1360,765,390.35,97.69,28.38,low_contrast,not_usable
0000362_00050_d_0000213_lowcontrast.jpg,0000362_00050_d_0000213.jpg,lowcontrast,1360,765,149.0,156.72,18.29,low_contrast,not_usable
0000362_00050_d_0000213_noise.jpg,0000362_00050_d_0000213.jpg,noise,1360,765,1621.43,156.47,38.62,none,usable
0000362_00050_d_0000213_original.jpg,0000362_00050_d_0000213.jpg,original,1360,765,680.19,156.49,38.13,none,usable
0000362_01500_d_0000215_blur.jpg,0000362_01500_d_0000215.jpg,blur,1360,765,4.01,154.14,33.47,"blurry, low_contrast",not_usable
0000362_01500_d_0000215_bright.jpg,0000362_01500_d_0000215.jpg,bright,1360,765,686.11,234.94,30.87,"overexposed, low_contrast",not_usable
0000362_01500_d_0000215_dark.jpg,0000362_01500_d_0000215.jpg,dark,1360,765,492.22,99.28,29.96,low_contrast,not_usable
0000362_01500_d_0000215_lowcontrast.jpg,0000362_01500_d_0000215.jpg,lowcontrast,1360,765,154.27,154.63,17.59,low_contrast,not_usable
0000362_01500_d_0000215_noise.jpg,0000362_01500_d_0000215.jpg,noise,1360,765,1770.37,154.11,39.92,none,usable
0000362_01500_d_0000215_original.jpg,0000362_01500_d_0000215.jpg,original,1360,765,824.66,154.13,39.42,none,usable
0000362_02000_d_0000216_blur.jpg,0000362_02000_d_0000216.jpg,blur,1360,765,4.64,159.37,34.91,"blurry, low_contrast",not_usable
0000362_02000_d_0000216_bright.jpg,0000362_02000_d_0000216.jpg,bright,1360,765,693.5,203.75,38.25,overexposed,not_usable
0000362_02000_d_0000216_dark.jpg,0000362_02000_d_0000216.jpg,dark,1360,765,380.54,96.56,28.23,low_contrast,not_usable
0000362_02000_d_0000216_lowcontrast.jpg,0000362_02000_d_0000216.jpg,lowcontrast,1360,765,187.84,159.94,19.9,low_contrast,not_usable
0000362_02000_d_0000216_noise.jpg,0000362_02000_d_0000216.jpg,noise,1360,765,1855.68,159.32,40.33,none,usable
0000362_02000_d_0000216_original.jpg,0000362_02000_d_0000216.jpg,original,1360,765,735.29,159.35,39.78,none,usable
0000362_02500_d_0000217_blur.jpg,0000362_02500_d_0000217.jpg,blur,1360,765,13.28,166.04,37.92,blurry,not_usable
0000362_02500_d_0000217_bright.jpg,0000362_02500_d_0000217.jpg,bright,1360,765,644.93,233.39,34.38,"overexposed, low_contrast",not_usable
0000362_02500_d_0000217_dark.jpg,0000362_02500_d_0000217.jpg,dark,1360,765,387.0,106.82,29.56,low_contrast,not_usable
0000362_02500_d_0000217_lowcontrast.jpg,0000362_02500_d_0000217.jpg,lowcontrast,1360,765,362.06,166.9,28.96,low_contrast,not_usable
0000362_02500_d_0000217_noise.jpg,0000362_02500_d_0000217.jpg,noise,1360,765,1517.02,166.0,41.82,none,usable
0000362_02500_d_0000217_original.jpg,0000362_02500_d_0000217.jpg,original,1360,765,742.4,166.04,41.48,none,usable
0000362_03000_d_0000218_blur.jpg,0000362_03000_d_0000218.jpg,blur,1360,765,2.96,163.59,31.21,"blurry, low_contrast",not_usable
0000362_03000_d_0000218_bright.jpg,0000362_03000_d_0000218.jpg,bright,1360,765,459.49,242.77,27.56,"overexposed, low_contrast",not_usable
0000362_03000_d_0000218_dark.jpg,0000362_03000_d_0000218.jpg,dark,1360,765,348.37,98.72,26.27,low_contrast,not_usable
0000362_03000_d_0000218_lowcontrast.jpg,0000362_03000_d_0000218.jpg,lowcontrast,1360,765,106.89,164.61,14.11,low_contrast,not_usable
0000362_03000_d_0000218_noise.jpg,0000362_03000_d_0000218.jpg,noise,1360,765,2023.14,163.54,38.8,none,usable
0000362_03000_d_0000218_original.jpg,0000362_03000_d_0000218.jpg,original,1360,765,712.91,163.58,38.15,none,usable
0000362_03500_d_0000219_blur.jpg,0000362_03500_d_0000219.jpg,blur,1360,765,14.92,162.96,37.7,blurry,not_usable
0000362_03500_d_0000219_bright.jpg,0000362_03500_d_0000219.jpg,bright,1360,765,354.66,244.26,23.88,"overexposed, low_contrast",not_usable
0000362_03500_d_0000219_dark.jpg,0000362_03500_d_0000219.jpg,dark,1360,765,488.16,128.97,35.35,none,usable
0000362_03500_d_0000219_lowcontrast.jpg,0000362_03500_d_0000219.jpg,lowcontrast,1360,765,86.67,163.3,13.57,"blurry, low_contrast",not_usable
0000362_03500_d_0000219_noise.jpg,0000362_03500_d_0000219.jpg,noise,1360,765,1463.34,162.91,41.86,none,usable
0000362_03500_d_0000219_original.jpg,0000362_03500_d_0000219.jpg,original,1360,765,688.29,162.95,41.5,none,usable
0000362_04000_d_0000220_blur.jpg,0000362_04000_d_0000220.jpg,blur,1360,765,5.3,163.04,36.4,blurry,not_usable
0000362_04000_d_0000220_bright.jpg,0000362_04000_d_0000220.jpg,bright,1360,765,562.34,241.85,27.32,"overexposed, low_contrast",not_usable
0000362_04000_d_0000220_dark.jpg,0000362_04000_d_0000220.jpg,dark,1360,765,661.82,125.72,36.24,none,usable
0000362_04000_d_0000220_lowcontrast.jpg,0000362_04000_d_0000220.jpg,lowcontrast,1360,765,145.52,163.36,16.42,low_contrast,not_usable
0000362_04000_d_0000220_noise.jpg,0000362_04000_d_0000220.jpg,noise,1360,765,1536.04,163.0,42.34,none,usable
0000362_04000_d_0000220_original.jpg,0000362_04000_d_0000220.jpg,original,1360,765,911.62,163.02,42.07,none,usable
0000362_04500_d_0000221_blur.jpg,0000362_04500_d_0000221.jpg,blur,1360,765,10.19,159.73,37.65,blurry,not_usable
0000362_04500_d_0000221_bright.jpg,0000362_04500_d_0000221.jpg,bright,1360,765,713.81,222.04,34.59,"overexposed, low_contrast",not_usable
0000362_04500_d_0000221_dark.jpg,0000362_04500_d_0000221.jpg,dark,1360,765,465.15,108.24,30.07,low_contrast,not_usable
0000362_04500_d_0000221_lowcontrast.jpg,0000362_04500_d_0000221.jpg,lowcontrast,1360,765,275.4,160.0,22.46,low_contrast,not_usable
0000362_04500_d_0000221_noise.jpg,0000362_04500_d_0000221.jpg,noise,1360,765,2219.0,159.64,42.98,none,usable
0000362_04500_d_0000221_original.jpg,0000362_04500_d_0000221.jpg,original,1360,765,914.08,159.71,42.39,none,usable
0000362_04949_d_0000222_blur.jpg,0000362_04949_d_0000222.jpg,blur,1360,765,10.03,164.68,36.99,blurry,not_usable
0000362_04949_d_0000222_bright.jpg,0000362_04949_d_0000222.jpg,bright,1360,765,661.58,220.69,34.97,"overexposed, low_contrast",not_usable
0000362_04949_d_0000222_dark.jpg,0000362_04949_d_0000222.jpg,dark,1360,765,525.81,114.24,33.43,low_contrast,not_usable
0000362_04949_d_0000222_lowcontrast.jpg,0000362_04949_d_0000222.jpg,lowcontrast,1360,765,396.95,164.7,29.16,low_contrast,not_usable
0000362_04949_d_0000222_noise.jpg,0000362_04949_d_0000222.jpg,noise,1360,765,2112.36,164.57,42.24,none,usable
0000362_04949_d_0000222_original.jpg,0000362_04949_d_0000222.jpg,original,1360,765,811.57,164.66,41.64,none,usable
0000367_00500_d_0000228_blur.jpg,0000367_00500_d_0000228.jpg,blur,1360,765,1.77,147.01,20.47,"blurry, low_contrast",not_usable
0000367_00500_d_0000228_bright.jpg,0000367_00500_d_0000228.jpg,bright,1360,765,111.63,208.84,24.24,"overexposed, low_contrast",not_usable
0000367_00500_d_0000228_dark.jpg,0000367_00500_d_0000228.jpg,dark,1360,765,65.02,105.8,18.37,"blurry, low_contrast",not_usable
0000367_00500_d_0000228_lowcontrast.jpg,0000367_00500_d_0000228.jpg,lowcontrast,1360,765,31.09,146.78,12.11,"blurry, low_contrast",not_usable
0000367_00500_d_0000228_noise.jpg,0000367_00500_d_0000228.jpg,noise,1360,765,1436.49,147.01,23.2,low_contrast,not_usable
0000367_00500_d_0000228_original.jpg,0000367_00500_d_0000228.jpg,original,1360,765,91.93,147.0,21.76,"blurry, low_contrast",not_usable
0000367_01000_d_0000229_blur.jpg,0000367_01000_d_0000229.jpg,blur,1360,765,1.66,150.34,27.29,"blurry, low_contrast",not_usable
0000367_01000_d_0000229_bright.jpg,0000367_01000_d_0000229.jpg,bright,1360,765,103.55,237.21,16.68,"overexposed, low_contrast",not_usable
0000367_01000_d_0000229_dark.jpg,0000367_01000_d_0000229.jpg,dark,1360,765,92.81,114.25,23.57,"blurry, low_contrast",not_usable
0000367_01000_d_0000229_lowcontrast.jpg,0000367_01000_d_0000229.jpg,lowcontrast,1360,765,52.85,150.12,17.59,"blurry, low_contrast",not_usable
0000367_01000_d_0000229_noise.jpg,0000367_01000_d_0000229.jpg,noise,1360,765,633.0,150.33,29.11,low_contrast,not_usable
0000367_01000_d_0000229_original.jpg,0000367_01000_d_0000229.jpg,original,1360,765,137.71,150.32,28.7,low_contrast,not_usable
0000367_01500_d_0000230_blur.jpg,0000367_01500_d_0000230.jpg,blur,1360,765,4.21,148.11,33.78,"blurry, low_contrast",not_usable
0000367_01500_d_0000230_bright.jpg,0000367_01500_d_0000230.jpg,bright,1360,765,199.04,241.57,23.11,"overexposed, low_contrast",not_usable
0000367_01500_d_0000230_dark.jpg,0000367_01500_d_0000230.jpg,dark,1360,765,182.52,93.25,26.93,low_contrast,not_usable
0000367_01500_d_0000230_lowcontrast.jpg,0000367_01500_d_0000230.jpg,lowcontrast,1360,765,45.59,147.8,12.86,"blurry, low_contrast",not_usable
0000367_01500_d_0000230_noise.jpg,0000367_01500_d_0000230.jpg,noise,1360,765,798.39,148.12,35.81,none,usable
0000367_01500_d_0000230_original.jpg,0000367_01500_d_0000230.jpg,original,1360,765,305.53,148.1,35.52,none,usable
0000367_02000_d_0000231_blur.jpg,0000367_02000_d_0000231.jpg,blur,1360,765,3.45,151.52,37.2,blurry,not_usable
0000367_02000_d_0000231_bright.jpg,0000367_02000_d_0000231.jpg,bright,1360,765,241.2,241.84,21.24,"overexposed, low_contrast",not_usable
0000367_02000_d_0000231_dark.jpg,0000367_02000_d_0000231.jpg,dark,1360,765,204.15,97.68,28.12,low_contrast,not_usable
0000367_02000_d_0000231_lowcontrast.jpg,0000367_02000_d_0000231.jpg,lowcontrast,1360,765,99.04,151.09,19.53,"blurry, low_contrast",not_usable
0000367_02000_d_0000231_noise.jpg,0000367_02000_d_0000231.jpg,noise,1360,765,1159.11,151.51,38.93,none,usable
0000367_02000_d_0000231_original.jpg,0000367_02000_d_0000231.jpg,original,1360,765,368.17,151.51,38.46,none,usable
0000367_02500_d_0000232_blur.jpg,0000367_02500_d_0000232.jpg,blur,1360,765,2.83,145.87,28.7,"blurry, low_contrast",not_usable
0000367_02500_d_0000232_bright.jpg,0000367_02500_d_0000232.jpg,bright,1360,765,418.19,205.14,30.96,"overexposed, low_contrast",not_usable
0000367_02500_d_0000232_dark.jpg,0000367_02500_d_0000232.jpg,dark,1360,765,186.09,91.93,21.01,low_contrast,not_usable
0000367_02500_d_0000232_lowcontrast.jpg,0000367_02500_d_0000232.jpg,lowcontrast,1360,765,122.46,145.64,16.12,low_contrast,not_usable
0000367_02500_d_0000232_noise.jpg,0000367_02500_d_0000232.jpg,noise,1360,765,721.11,145.87,29.77,low_contrast,not_usable
0000367_02500_d_0000232_original.jpg,0000367_02500_d_0000232.jpg,original,1360,765,361.7,145.87,29.47,low_contrast,not_usable
0000367_03000_d_0000233_blur.jpg,0000367_03000_d_0000233.jpg,blur,1360,765,2.75,157.92,33.73,"blurry, low_contrast",not_usable
0000367_03000_d_0000233_bright.jpg,0000367_03000_d_0000233.jpg,bright,1360,765,353.8,230.74,26.21,"overexposed, low_contrast",not_usable
0000367_03000_d_0000233_dark.jpg,0000367_03000_d_0000233.jpg,dark,1360,765,274.39,109.99,27.77,low_contrast,not_usable
0000367_03000_d_0000233_lowcontrast.jpg,0000367_03000_d_0000233.jpg,lowcontrast,1360,765,153.86,157.6,20.49,low_contrast,not_usable
0000367_03000_d_0000233_noise.jpg,0000367_03000_d_0000233.jpg,noise,1360,765,1389.18,157.92,35.46,none,usable
0000367_03000_d_0000233_original.jpg,0000367_03000_d_0000233.jpg,original,1360,765,426.12,157.92,34.81,low_contrast,not_usable
0000367_03500_d_0000234_blur.jpg,0000367_03500_d_0000234.jpg,blur,1360,765,4.88,146.82,31.38,"blurry, low_contrast",not_usable
0000367_03500_d_0000234_bright.jpg,0000367_03500_d_0000234.jpg,bright,1360,765,273.86,235.0,25.12,"overexposed, low_contrast",not_usable
0000367_03500_d_0000234_dark.jpg,0000367_03500_d_0000234.jpg,dark,1360,765,192.61,105.65,27.45,low_contrast,not_usable
0000367_03500_d_0000234_lowcontrast.jpg,0000367_03500_d_0000234.jpg,lowcontrast,1360,765,93.79,146.45,17.87,"blurry, low_contrast",not_usable
0000367_03500_d_0000234_noise.jpg,0000367_03500_d_0000234.jpg,noise,1360,765,1064.58,146.82,32.63,low_contrast,not_usable
0000367_03500_d_0000234_original.jpg,0000367_03500_d_0000234.jpg,original,1360,765,273.46,146.81,32.06,low_contrast,not_usable
0000367_05511_d_0000235_blur.jpg,0000367_05511_d_0000235.jpg,blur,1360,765,2.34,138.41,19.16,"blurry, low_contrast",not_usable
0000367_05511_d_0000235_bright.jpg,0000367_05511_d_0000235.jpg,bright,1360,765,380.31,207.1,27.19,"overexposed, low_contrast",not_usable
0000367_05511_d_0000235_dark.jpg,0000367_05511_d_0000235.jpg,dark,1360,765,158.04,109.42,17.42,low_contrast,not_usable
0000367_05511_d_0000235_lowcontrast.jpg,0000367_05511_d_0000235.jpg,lowcontrast,1360,765,56.96,137.89,10.33,"blurry, low_contrast",not_usable
0000367_05511_d_0000235_noise.jpg,0000367_05511_d_0000235.jpg,noise,1360,765,1021.64,138.37,21.6,low_contrast,not_usable
0000367_05511_d_0000235_original.jpg,0000367_05511_d_0000235.jpg,original,1360,765,226.77,138.41,20.69,low_contrast,not_usable
0000368_00100_d_0000236_blur.jpg,0000368_00100_d_0000236.jpg,blur,1360,765,2.9,142.42,38.72,blurry,not_usable
0000368_00100_d_0000236_bright.jpg,0000368_00100_d_0000236.jpg,bright,1360,765,238.23,192.55,40.86,none,usable
0000368_00100_d_0000236_dark.jpg,0000368_00100_d_0000236.jpg,dark,1360,765,158.34,101.77,31.61,low_contrast,not_usable
0000368_00100_d_0000236_lowcontrast.jpg,0000368_00100_d_0000236.jpg,lowcontrast,1360,765,89.63,142.17,23.61,"blurry, low_contrast",not_usable
0000368_00100_d_0000236_noise.jpg,0000368_00100_d_0000236.jpg,noise,1360,765,755.96,142.42,41.29,none,usable
0000368_00100_d_0000236_original.jpg,0000368_00100_d_0000236.jpg,original,1360,765,259.08,142.42,41.01,none,usable
0000368_00600_d_0000237_blur.jpg,0000368_00600_d_0000237.jpg,blur,1360,765,1.79,148.68,45.15,blurry,not_usable
0000368_00600_d_0000237_bright.jpg,0000368_00600_d_0000237.jpg,bright,1360,765,371.98,218.39,30.97,"overexposed, low_contrast",not_usable
0000368_00600_d_0000237_dark.jpg,0000368_00600_d_0000237.jpg,dark,1360,765,254.37,106.08,35.45,none,usable
0000368_00600_d_0000237_lowcontrast.jpg,0000368_00600_d_0000237.jpg,lowcontrast,1360,765,62.98,148.13,16.87,"blurry, low_contrast",not_usable
0000368_00600_d_0000237_noise.jpg,0000368_00600_d_0000237.jpg,noise,1360,765,1361.15,148.58,47.31,none,usable
0000368_00600_d_0000237_original.jpg,0000368_00600_d_0000237.jpg,original,1360,765,427.27,148.68,47.05,none,usable
0000368_01200_d_0000238_blur.jpg,0000368_01200_d_0000238.jpg,blur,1360,765,2.48,165.29,33.93,"blurry, low_contrast",not_usable
0000368_01200_d_0000238_bright.jpg,0000368_01200_d_0000238.jpg,bright,1360,765,134.81,244.73,21.53,"overexposed, low_contrast",not_usable
0000368_01200_d_0000238_dark.jpg,0000368_01200_d_0000238.jpg,dark,1360,765,425.29,131.72,32.87,low_contrast,not_usable
0000368_01200_d_0000238_lowcontrast.jpg,0000368_01200_d_0000238.jpg,lowcontrast,1360,765,157.46,164.83,19.35,low_contrast,not_usable
0000368_01200_d_0000238_noise.jpg,0000368_01200_d_0000238.jpg,noise,1360,765,1471.7,165.23,37.27,none,usable
0000368_01200_d_0000238_original.jpg,0000368_01200_d_0000238.jpg,original,1360,765,529.53,165.29,36.77,none,usable
0000368_02200_d_0000240_blur.jpg,0000368_02200_d_0000240.jpg,blur,1360,765,3.82,143.35,39.26,blurry,not_usable
0000368_02200_d_0000240_bright.jpg,0000368_02200_d_0000240.jpg,bright,1360,765,517.81,206.56,45.18,overexposed,not_usable
0000368_02200_d_0000240_dark.jpg,0000368_02200_d_0000240.jpg,dark,1360,765,410.32,97.89,32.11,low_contrast,not_usable
0000368_02200_d_0000240_lowcontrast.jpg,0000368_02200_d_0000240.jpg,lowcontrast,1360,765,91.47,142.8,14.21,"blurry, low_contrast",not_usable
0000368_02200_d_0000240_noise.jpg,0000368_02200_d_0000240.jpg,noise,1360,765,1457.86,143.32,42.26,none,usable
0000368_02200_d_0000240_original.jpg,0000368_02200_d_0000240.jpg,original,1360,765,673.06,143.34,41.87,none,usable
9999936_00000_d_0000001_blur.jpg,9999936_00000_d_0000001.jpg,blur,1916,1078,2.68,161.98,49.6,blurry,not_usable
9999936_00000_d_0000001_bright.jpg,9999936_00000_d_0000001.jpg,bright,1916,1078,994.39,232.83,34.43,"overexposed, low_contrast",not_usable
9999936_00000_d_0000001_dark.jpg,9999936_00000_d_0000001.jpg,dark,1916,1078,987.71,133.27,46.14,none,usable
9999936_00000_d_0000001_lowcontrast.jpg,9999936_00000_d_0000001.jpg,lowcontrast,1916,1078,558.6,161.64,35.18,none,usable
9999936_00000_d_0000001_noise.jpg,9999936_00000_d_0000001.jpg,noise,1916,1078,2294.71,161.89,53.54,none,usable
9999936_00000_d_0000001_original.jpg,9999936_00000_d_0000001.jpg,original,1916,1078,1357.3,161.97,53.26,none,usable
9999936_00000_d_0000002_blur.jpg,9999936_00000_d_0000002.jpg,blur,1916,1078,4.13,171.98,45.91,blurry,not_usable
9999936_00000_d_0000002_bright.jpg,9999936_00000_d_0000002.jpg,bright,1916,1078,1574.48,234.54,34.87,"overexposed, low_contrast",not_usable
9999936_00000_d_0000002_dark.jpg,9999936_00000_d_0000002.jpg,dark,1916,1078,988.36,104.95,36.08,none,usable
9999936_00000_d_0000002_lowcontrast.jpg,9999936_00000_d_0000002.jpg,lowcontrast,1916,1078,469.05,171.46,25.19,low_contrast,not_usable
9999936_00000_d_0000002_noise.jpg,9999936_00000_d_0000002.jpg,noise,1916,1078,2793.83,171.84,51.94,none,usable
9999936_00000_d_0000002_original.jpg,9999936_00000_d_0000002.jpg,original,1916,1078,2029.56,171.96,51.77,none,usable
9999936_00000_d_0000003_blur.jpg,9999936_00000_d_0000003.jpg,blur,1916,1078,2.79,166.87,47.2,blurry,not_usable
9999936_00000_d_0000003_bright.jpg,9999936_00000_d_0000003.jpg,bright,1916,1078,1684.26,223.57,42.97,overexposed,not_usable
9999936_00000_d_0000003_dark.jpg,9999936_00000_d_0000003.jpg,dark,1916,1078,724.41,101.44,34.53,low_contrast,not_usable
9999936_00000_d_0000003_lowcontrast.jpg,9999936_00000_d_0000003.jpg,lowcontrast,1916,1078,280.26,166.43,20.39,low_contrast,not_usable
9999936_00000_d_0000003_noise.jpg,9999936_00000_d_0000003.jpg,noise,1916,1078,2694.97,166.75,52.95,none,usable
9999936_00000_d_0000003_original.jpg,9999936_00000_d_0000003.jpg,original,1916,1078,1776.52,166.87,52.69,none,usable
9999936_00000_d_0000004_blur.jpg,9999936_00000_d_0000004.jpg,blur,1916,1078,23.52,165.95,45.7,blurry,not_usable
9999936_00000_d_0000004_bright.jpg,9999936_00000_d_0000004.jpg,bright,1916,1078,1028.93,242.53,24.09,"overexposed, low_contrast",not_usable
9999936_00000_d_0000004_dark.jpg,9999936_00000_d_0000004.jpg,dark,1916,1078,726.04,104.94,32.41,low_contrast,not_usable
9999936_00000_d_0000004_lowcontrast.jpg,9999936_00000_d_0000004.jpg,lowcontrast,1916,1078,591.93,165.9,27.55,low_contrast,not_usable
9999936_00000_d_0000004_noise.jpg,9999936_00000_d_0000004.jpg,noise,1916,1078,3049.75,165.84,49.44,none,usable
9999936_00000_d_0000004_original.jpg,9999936_00000_d_0000004.jpg,original,1916,1078,1747.16,165.95,48.96,none,usable
9999936_00000_d_0000005_blur.jpg,9999936_00000_d_0000005.jpg,blur,1916,1078,3.68,165.24,56.49,blurry,not_usable
9999936_00000_d_0000005_bright.jpg,9999936_00000_d_0000005.jpg,bright,1916,1078,1062.38,234.45,33.98,"overexposed, low_contrast",not_usable
9999936_00000_d_0000005_dark.jpg,9999936_00000_d_0000005.jpg,dark,1916,1078,954.68,112.57,46.67,none,usable
9999936_00000_d_0000005_lowcontrast.jpg,9999936_00000_d_0000005.jpg,lowcontrast,1916,1078,251.1,164.98,24.18,low_contrast,not_usable
9999936_00000_d_0000005_noise.jpg,9999936_00000_d_0000005.jpg,noise,1916,1078,2448.32,165.13,59.78,none,usable
9999936_00000_d_0000005_original.jpg,9999936_00000_d_0000005.jpg,original,1916,1078,1523.11,165.24,59.54,none,usable
9999936_00000_d_0000006_blur.jpg,9999936_00000_d_0000006.jpg,blur,1916,1078,3.36,160.93,56.79,blurry,not_usable
9999936_00000_d_0000006_bright.jpg,9999936_00000_d_0000006.jpg,bright,1916,1078,1762.0,214.09,47.61,overexposed,not_usable
9999936_00000_d_0000006_dark.jpg,9999936_00000_d_0000006.jpg,dark,1916,1078,1249.18,111.34,45.86,none,usable
9999936_00000_d_0000006_lowcontrast.jpg,9999936_00000_d_0000006.jpg,lowcontrast,1916,1078,334.37,160.37,23.38,low_contrast,not_usable
9999936_00000_d_0000006_noise.jpg,9999936_00000_d_0000006.jpg,noise,1916,1078,2916.61,160.77,61.84,none,usable
9999936_00000_d_0000006_original.jpg,9999936_00000_d_0000006.jpg,original,1916,1078,2171.02,160.92,61.76,none,usable
9999936_00000_d_0000007_blur.jpg,9999936_00000_d_0000007.jpg,blur,1916,1078,15.92,155.62,58.08,blurry,not_usable
9999936_00000_d_0000007_bright.jpg,9999936_00000_d_0000007.jpg,bright,1916,1078,2631.88,217.74,48.46,overexposed,not_usable
9999936_00000_d_0000007_dark.jpg,9999936_00000_d_0000007.jpg,dark,1916,1078,1407.14,110.17,46.16,none,usable
9999936_00000_d_0000007_lowcontrast.jpg,9999936_00000_d_0000007.jpg,lowcontrast,1916,1078,915.12,155.22,38.92,none,usable
9999936_00000_d_0000007_noise.jpg,9999936_00000_d_0000007.jpg,noise,1916,1078,2731.9,155.49,61.73,none,usable
9999936_00000_d_0000007_original.jpg,9999936_00000_d_0000007.jpg,original,1916,1078,2396.82,155.61,61.79,none,usable
9999936_00000_d_0000008_blur.jpg,9999936_00000_d_0000008.jpg,blur,1916,1078,9.93,151.59,59.56,blurry,not_usable
9999936_00000_d_0000008_bright.jpg,9999936_00000_d_0000008.jpg,bright,1916,1078,2641.69,206.85,54.43,overexposed,not_usable
9999936_00000_d_0000008_dark.jpg,9999936_00000_d_0000008.jpg,dark,1916,1078,1890.93,127.48,56.74,none,usable
9999936_00000_d_0000008_lowcontrast.jpg,9999936_00000_d_0000008.jpg,lowcontrast,1916,1078,717.75,151.18,33.26,low_contrast,not_usable
9999936_00000_d_0000008_noise.jpg,9999936_00000_d_0000008.jpg,noise,1916,1078,3289.86,151.42,63.6,none,usable
9999936_00000_d_0000008_original.jpg,9999936_00000_d_0000008.jpg,original,1916,1078,2375.84,151.57,63.48,none,usable
9999936_00000_d_0000009_blur.jpg,9999936_00000_d_0000009.jpg,blur,1916,1078,13.49,151.48,52.83,blurry,not_usable
9999936_00000_d_0000009_bright.jpg,9999936_00000_d_0000009.jpg,bright,1916,1078,3732.72,200.86,55.73,overexposed,not_usable
9999936_00000_d_0000009_dark.jpg,9999936_00000_d_0000009.jpg,dark,1916,1078,1522.48,97.98,41.25,none,usable
9999936_00000_d_0000009_lowcontrast.jpg,9999936_00000_d_0000009.jpg,lowcontrast,1916,1078,372.6,151.15,18.71,low_contrast,not_usable
9999936_00000_d_0000009_noise.jpg,9999936_00000_d_0000009.jpg,noise,1916,1078,4004.13,151.32,59.08,none,usable
9999936_00000_d_0000009_original.jpg,9999936_00000_d_0000009.jpg,original,1916,1078,3086.81,151.46,58.93,none,usable
9999936_00000_d_0000010_blur.jpg,9999936_00000_d_0000010.jpg,blur,1916,1078,3.4,149.75,60.33,blurry,not_usable
9999936_00000_d_0000010_bright.jpg,9999936_00000_d_0000010.jpg,bright,1916,1078,2393.6,214.47,51.1,overexposed,not_usable
9999936_00000_d_0000010_dark.jpg,9999936_00000_d_0000010.jpg,dark,1916,1078,1466.26,100.81,51.66,none,usable
9999936_00000_d_0000010_lowcontrast.jpg,9999936_00000_d_0000010.jpg,lowcontrast,1916,1078,341.93,150.02,23.63,low_contrast,not_usable
9999936_00000_d_0000010_noise.jpg,9999936_00000_d_0000010.jpg,noise,1916,1078,3273.68,149.56,66.33,none,usable
9999936_00000_d_0000010_original.jpg,9999936_00000_d_0000010.jpg,original,1916,1078,2364.27,149.73,66.26,none,usable
9999936_00000_d_0000011_blur.jpg,9999936_00000_d_0000011.jpg,blur,1916,1078,11.09,143.28,64.08,blurry,not_usable
9999936_00000_d_0000011_bright.jpg,9999936_00000_d_0000011.jpg,bright,1916,1078,2683.85,208.56,53.49,overexposed,not_usable
9999936_00000_d_0000011_dark.jpg,9999936_00000_d_0000011.jpg,dark,1916,1078,1630.59,96.23,51.2,none,usable
9999936_00000_d_0000011_lowcontrast.jpg,9999936_00000_d_0000011.jpg,lowcontrast,1916,1078,1066.87,143.34,43.15,none,usable
9999936_00000_d_0000011_noise.jpg,9999936_00000_d_0000011.jpg,noise,1916,1078,4003.15,142.9,68.21,none,usable
9999936_00000_d_0000011_original.jpg,9999936_00000_d_0000011.jpg,original,1916,1078,2779.03,143.25,68.32,none,usable
9999936_00000_d_0000012_blur.jpg,9999936_00000_d_0000012.jpg,blur,1916,1078,5.18,156.43,51.15,blurry,not_usable
9999936_00000_d_0000012_bright.jpg,9999936_00000_d_0000012.jpg,bright,1916,1078,1631.87,226.1,40.83,overexposed,not_usable
9999936_00000_d_0000012_dark.jpg,9999936_00000_d_0000012.jpg,dark,1916,1078,1158.76,100.28,43.03,none,usable
9999936_00000_d_0000012_lowcontrast.jpg,9999936_00000_d_0000012.jpg,lowcontrast,1916,1078,264.69,156.71,19.33,low_contrast,not_usable
9999936_00000_d_0000012_noise.jpg,9999936_00000_d_0000012.jpg,noise,1916,1078,3008.18,156.32,56.33,none,usable
9999936_00000_d_0000012_original.jpg,9999936_00000_d_0000012.jpg,original,1916,1078,1899.92,156.42,55.99,none,usable
9999936_00000_d_0000013_blur.jpg,9999936_00000_d_0000013.jpg,blur,1916,1078,5.14,155.28,60.16,blurry,not_usable
9999936_00000_d_0000013_bright.jpg,9999936_00000_d_0000013.jpg,bright,1916,1078,3518.03,210.69,52.97,overexposed,not_usable
9999936_00000_d_0000013_dark.jpg,9999936_00000_d_0000013.jpg,dark,1916,1078,2279.47,111.95,55.39,none,usable
9999936_00000_d_0000013_lowcontrast.jpg,9999936_00000_d_0000013.jpg,lowcontrast,1916,1078,1532.35,154.6,44.86,none,usable
9999936_00000_d_0000013_noise.jpg,9999936_00000_d_0000013.jpg,noise,1916,1078,3877.8,155.0,65.16,none,usable
9999936_00000_d_0000013_original.jpg,9999936_00000_d_0000013.jpg,original,1916,1078,3297.75,155.26,65.33,none,usable
9999936_00000_d_0000014_blur.jpg,9999936_00000_d_0000014.jpg,blur,1916,1078,35.99,149.57,57.79,blurry,not_usable
9999936_00000_d_0000014_bright.jpg,9999936_00000_d_0000014.jpg,bright,1916,1078,2660.13,222.6,42.89,overexposed,not_usable
9999936_00000_d_0000014_dark.jpg,9999936_00000_d_0000014.jpg,dark,1916,1078,2335.8,104.06,49.55,none,usable
9999936_00000_d_0000014_lowcontrast.jpg,9999936_00000_d_0000014.jpg,lowcontrast,1916,1078,1209.99,148.37,34.2,low_contrast,not_usable
9999936_00000_d_0000014_noise.jpg,9999936_00000_d_0000014.jpg,noise,1916,1078,4726.81,149.34,62.34,none,usable
9999936_00000_d_0000014_original.jpg,9999936_00000_d_0000014.jpg,original,1916,1078,3664.1,149.55,62.24,none,usable
9999936_00000_d_0000015_blur.jpg,9999936_00000_d_0000015.jpg,blur,1916,1078,9.87,156.48,58.2,blurry,not_usable
9999936_00000_d_0000015_bright.jpg,9999936_00000_d_0000015.jpg,bright,1916,1078,1639.89,224.85,40.39,overexposed,not_usable
9999936_00000_d_0000015_dark.jpg,9999936_00000_d_0000015.jpg,dark,1916,1078,1645.54,120.85,53.14,none,usable
9999936_00000_d_0000015_lowcontrast.jpg,9999936_00000_d_0000015.jpg,lowcontrast,1916,1078,822.63,156.26,36.1,none,usable
9999936_00000_d_0000015_noise.jpg,9999936_00000_d_0000015.jpg,noise,1916,1078,2934.82,156.26,62.1,none,usable
9999936_00000_d_0000015_original.jpg,9999936_00000_d_0000015.jpg,original,1916,1078,2338.36,156.47,62.19,none,usable
9999936_00000_d_0000016_blur.jpg,9999936_00000_d_0000016.jpg,blur,1916,1078,28.65,163.63,49.1,blurry,not_usable
9999936_00000_d_0000016_bright.jpg,9999936_00000_d_0000016.jpg,bright,1916,1078,1737.57,227.89,35.14,overexposed,not_usable
9999936_00000_d_0000016_dark.jpg,9999936_00000_d_0000016.jpg,dark,1916,1078,1308.03,117.39,40.21,none,usable
9999936_00000_d_0000016_lowcontrast.jpg,9999936_00000_d_0000016.jpg,lowcontrast,1916,1078,337.66,163.6,20.2,low_contrast,not_usable
9999936_00000_d_0000016_noise.jpg,9999936_00000_d_0000016.jpg,noise,1916,1078,3426.02,163.39,53.07,none,usable
9999936_00000_d_0000016_original.jpg,9999936_00000_d_0000016.jpg,original,1916,1078,2156.74,163.62,52.81,none,usable
9999936_00000_d_0000017_blur.jpg,9999936_00000_d_0000017.jpg,blur,1916,1078,25.71,158.57,53.46,blurry,not_usable
9999936_00000_d_0000017_bright.jpg,9999936_00000_d_0000017.jpg,bright,1916,1078,1330.76,230.16,37.76,overexposed,not_usable
9999936_00000_d_0000017_dark.jpg,9999936_00000_d_0000017.jpg,dark,1916,1078,1113.92,117.07,46.64,none,usable
9999936_00000_d_0000017_lowcontrast.jpg,9999936_00000_d_0000017.jpg,lowcontrast,1916,1078,399.11,158.67,27.71,low_contrast,not_usable
9999936_00000_d_0000017_noise.jpg,9999936_00000_d_0000017.jpg,noise,1916,1078,2768.83,158.42,56.67,none,usable
9999936_00000_d_0000017_original.jpg,9999936_00000_d_0000017.jpg,original,1916,1078,1668.81,158.56,56.44,none,usable
9999936_00000_d_0000018_blur.jpg,9999936_00000_d_0000018.jpg,blur,1916,1078,3.99,163.93,50.44,blurry,not_usable
9999936_00000_d_0000018_bright.jpg,9999936_00000_d_0000018.jpg,bright,1916,1078,1441.25,231.3,39.43,overexposed,not_usable
9999936_00000_d_0000018_dark.jpg,9999936_00000_d_0000018.jpg,dark,1916,1078,1227.54,139.75,49.1,none,usable
9999936_00000_d_0000018_lowcontrast.jpg,9999936_00000_d_0000018.jpg,lowcontrast,1916,1078,454.15,163.89,28.64,low_contrast,not_usable
9999936_00000_d_0000018_noise.jpg,9999936_00000_d_0000018.jpg,noise,1916,1078,2330.72,163.85,55.41,none,usable
9999936_00000_d_0000018_original.jpg,9999936_00000_d_0000018.jpg,original,1916,1078,1559.7,163.91,55.18,none,usable
9999936_00000_d_0000019_blur.jpg,9999936_00000_d_0000019.jpg,blur,1916,1078,2.87,174.84,42.1,blurry,not_usable
9999936_00000_d_0000019_bright.jpg,9999936_00000_d_0000019.jpg,bright,1916,1078,1255.95,228.66,37.02,overexposed,not_usable
9999936_00000_d_0000019_dark.jpg,9999936_00000_d_0000019.jpg,dark,1916,1078,750.55,109.05,33.38,low_contrast,not_usable
9999936_00000_d_0000019_lowcontrast.jpg,9999936_00000_d_0000019.jpg,lowcontrast,1916,1078,244.64,174.78,18.67,low_contrast,not_usable
9999936_00000_d_0000019_noise.jpg,9999936_00000_d_0000019.jpg,noise,1916,1078,2282.17,174.64,47.9,none,usable
9999936_00000_d_0000019_original.jpg,9999936_00000_d_0000019.jpg,original,1916,1078,1533.5,174.83,47.81,none,usable
9999936_00000_d_0000020_blur.jpg,9999936_00000_d_0000020.jpg,blur,1916,1078,4.23,163.74,42.57,blurry,not_usable
9999936_00000_d_0000020_bright.jpg,9999936_00000_d_0000020.jpg,bright,1916,1078,1182.99,224.2,38.18,overexposed,not_usable
9999936_00000_d_0000020_dark.jpg,9999936_00000_d_0000020.jpg,dark,1916,1078,995.66,130.3,38.7,none,usable
9999936_00000_d_0000020_lowcontrast.jpg,9999936_00000_d_0000020.jpg,lowcontrast,1916,1078,452.98,164.1,24.6,low_contrast,not_usable
9999936_00000_d_0000020_noise.jpg,9999936_00000_d_0000020.jpg,noise,1916,1078,2251.4,163.63,47.03,none,usable
9999936_00000_d_0000020_original.jpg,9999936_00000_d_0000020.jpg,original,1916,1078,1487.97,163.73,46.81,none,usable
9999936_00000_d_0000021_blur.jpg,9999936_00000_d_0000021.jpg,blur,1916,1078,5.87,160.85,47.54,blurry,not_usable
9999936_00000_d_0000021_bright.jpg,9999936_00000_d_0000021.jpg,bright,1916,1078,1573.47,230.08,41.64,overexposed,not_usable
9999936_00000_d_0000021_dark.jpg,9999936_00000_d_0000021.jpg,dark,1916,1078,718.24,101.45,36.39,none,usable
9999936_00000_d_0000021_lowcontrast.jpg,9999936_00000_d_0000021.jpg,lowcontrast,1916,1078,610.37,160.85,33.57,low_contrast,not_usable
9999936_00000_d_0000021_noise.jpg,9999936_00000_d_0000021.jpg,noise,1916,1078,2075.66,160.8,53.67,none,usable
9999936_00000_d_0000021_original.jpg,9999936_00000_d_0000021.jpg,original,1916,1078,1589.09,160.84,53.51,none,usable
9999936_00000_d_0000022_blur.jpg,9999936_00000_d_0000022.jpg,blur,1916,1078,4.49,163.24,52.43,blurry,not_usable
9999936_00000_d_0000022_bright.jpg,9999936_00000_d_0000022.jpg,bright,1916,1078,1627.97,222.28,45.24,overexposed,not_usable
9999936_00000_d_0000022_dark.jpg,9999936_00000_d_0000022.jpg,dark,1916,1078,654.39,89.86,37.15,none,usable
9999936_00000_d_0000022_lowcontrast.jpg,9999936_00000_d_0000022.jpg,lowcontrast,1916,1078,542.67,162.68,31.81,low_contrast,not_usable
9999936_00000_d_0000022_noise.jpg,9999936_00000_d_0000022.jpg,noise,1916,1078,2901.12,163.14,56.86,none,usable
9999936_00000_d_0000022_original.jpg,9999936_00000_d_0000022.jpg,original,1916,1078,1598.4,163.23,56.45,none,usable
9999936_00000_d_0000023_blur.jpg,9999936_00000_d_0000023.jpg,blur,1916,1078,5.93,170.03,49.01,blurry,not_usable
9999936_00000_d_0000023_bright.jpg,9999936_00000_d_0000023.jpg,bright,1916,1078,1388.39,242.58,25.04,"overexposed, low_contrast",not_usable
9999936_00000_d_0000023_dark.jpg,9999936_00000_d_0000023.jpg,dark,1916,1078,1146.18,107.12,37.62,none,usable
9999936_00000_d_0000023_lowcontrast.jpg,9999936_00000_d_0000023.jpg,lowcontrast,1916,1078,384.86,169.68,21.91,low_contrast,not_usable
9999936_00000_d_0000023_noise.jpg,9999936_00000_d_0000023.jpg,noise,1916,1078,2676.9,170.01,53.8,none,usable
9999936_00000_d_0000023_original.jpg,9999936_00000_d_0000023.jpg,original,1916,1078,2329.41,170.02,53.66,none,usable
9999936_00000_d_0000024_blur.jpg,9999936_00000_d_0000024.jpg,blur,1916,1078,6.13,174.91,49.0,blurry,not_usable
9999936_00000_d_0000024_bright.jpg,9999936_00000_d_0000024.jpg,bright,1916,1078,1520.78,225.72,45.72,overexposed,not_usable
9999936_00000_d_0000024_dark.jpg,9999936_00000_d_0000024.jpg,dark,1916,1078,758.74,111.28,37.82,none,usable
9999936_00000_d_0000024_lowcontrast.jpg,9999936_00000_d_0000024.jpg,lowcontrast,1916,1078,197.66,175.06,18.13,low_contrast,not_usable
9999936_00000_d_0000024_noise.jpg,9999936_00000_d_0000024.jpg,noise,1916,1078,2405.78,174.77,53.46,none,usable
9999936_00000_d_0000024_original.jpg,9999936_00000_d_0000024.jpg,original,1916,1078,1475.05,174.9,53.22,none,usable
9999936_00000_d_0000025_blur.jpg,9999936_00000_d_0000025.jpg,blur,1916,1078,2.59,173.62,57.62,blurry,not_usable
9999936_00000_d_0000025_bright.jpg,9999936_00000_d_0000025.jpg,bright,1916,1078,1249.85,221.59,45.91,overexposed,not_usable
9999936_00000_d_0000025_dark.jpg,9999936_00000_d_0000025.jpg,dark,1916,1078,654.87,101.21,41.63,none,usable
9999936_00000_d_0000025_lowcontrast.jpg,9999936_00000_d_0000025.jpg,lowcontrast,1916,1078,709.93,173.7,42.73,none,usable
9999936_00000_d_0000025_noise.jpg,9999936_00000_d_0000025.jpg,noise,1916,1078,1926.33,173.18,61.44,none,usable
9999936_00000_d_0000025_original.jpg,9999936_00000_d_0000025.jpg,original,1916,1078,1488.61,173.61,61.82,none,usable
9999936_00000_d_0000026_blur.jpg,9999936_00000_d_0000026.jpg,blur,1916,1078,3.44,178.98,52.13,blurry,not_usable
9999936_00000_d_0000026_bright.jpg,9999936_00000_d_0000026.jpg,bright,1916,1078,1994.71,225.5,44.16,overexposed,not_usable
9999936_00000_d_0000026_dark.jpg,9999936_00000_d_0000026.jpg,dark,1916,1078,1327.55,140.51,47.15,none,usable
9999936_00000_d_0000026_lowcontrast.jpg,9999936_00000_d_0000026.jpg,lowcontrast,1916,1078,737.62,179.15,34.95,low_contrast,not_usable
9999936_00000_d_0000026_noise.jpg,9999936_00000_d_0000026.jpg,noise,1916,1078,2717.36,178.47,57.72,none,usable
9999936_00000_d_0000026_original.jpg,9999936_00000_d_0000026.jpg,original,1916,1078,2021.6,178.95,58.01,none,usable
9999936_00000_d_0000027_blur.jpg,9999936_00000_d_0000027.jpg,blur,1916,1078,4.14,169.4,51.81,blurry,not_usable
9999936_00000_d_0000027_bright.jpg,9999936_00000_d_0000027.jpg,bright,1916,1078,2131.31,224.53,45.79,overexposed,not_usable
9999936_00000_d_0000027_dark.jpg,9999936_00000_d_0000027.jpg,dark,1916,1078,1015.42,103.22,41.44,none,usable
9999936_00000_d_0000027_lowcontrast.jpg,9999936_00000_d_0000027.jpg,lowcontrast,1916,1078,638.83,169.72,32.34,low_contrast,not_usable
9999936_00000_d_0000027_noise.jpg,9999936_00000_d_0000027.jpg,noise,1916,1078,2512.13,169.23,57.59,none,usable
9999936_00000_d_0000027_original.jpg,9999936_00000_d_0000027.jpg,original,1916,1078,1905.28,169.38,57.54,none,usable
9999936_00000_d_0000028_blur.jpg,9999936_00000_d_0000028.jpg,blur,1916,1078,20.59,174.11,57.19,blurry,not_usable
9999936_00000_d_0000028_bright.jpg,9999936_00000_d_0000028.jpg,bright,1916,1078,916.95,238.72,31.66,"overexposed, low_contrast",not_usable
9999936_00000_d_0000028_dark.jpg,9999936_00000_d_0000028.jpg,dark,1916,1078,973.41,137.92,52.21,none,usable
9999936_00000_d_0000028_lowcontrast.jpg,9999936_00000_d_0000028.jpg,lowcontrast,1916,1078,192.5,174.07,22.06,low_contrast,not_usable
9999936_00000_d_0000028_noise.jpg,9999936_00000_d_0000028.jpg,noise,1916,1078,1468.28,173.73,59.03,none,usable
9999936_00000_d_0000028_original.jpg,9999936_00000_d_0000028.jpg,original,1916,1078,1276.47,174.11,59.45,none,usable
9999936_00000_d_0000029_blur.jpg,9999936_00000_d_0000029.jpg,blur,1916,1078,3.12,158.32,59.66,blurry,not_usable
9999936_00000_d_0000029_bright.jpg,9999936_00000_d_0000029.jpg,bright,1916,1078,1584.51,233.7,36.72,overexposed,not_usable
9999936_00000_d_0000029_dark.jpg,9999936_00000_d_0000029.jpg,dark,1916,1078,1854.04,119.13,54.82,none,usable
9999936_00000_d_0000029_lowcontrast.jpg,9999936_00000_d_0000029.jpg,lowcontrast,1916,1078,1152.89,157.95,43.42,none,usable
9999936_00000_d_0000029_noise.jpg,9999936_00000_d_0000029.jpg,noise,1916,1078,2885.41,158.26,64.8,none,usable
9999936_00000_d_0000029_original.jpg,9999936_00000_d_0000029.jpg,original,1916,1078,2676.23,158.3,64.78,none,usable
9999936_00000_d_0000030_blur.jpg,9999936_00000_d_0000030.jpg,blur,1916,1078,20.25,166.87,51.06,blurry,not_usable
9999936_00000_d_0000030_bright.jpg,9999936_00000_d_0000030.jpg,bright,1916,1078,786.66,235.37,36.55,overexposed,not_usable
9999936_00000_d_0000030_dark.jpg,9999936_00000_d_0000030.jpg,dark,1916,1078,472.7,103.93,38.53,none,usable
9999936_00000_d_0000030_lowcontrast.jpg,9999936_00000_d_0000030.jpg,lowcontrast,1916,1078,149.49,167.09,22.06,low_contrast,not_usable
9999936_00000_d_0000030_noise.jpg,9999936_00000_d_0000030.jpg,noise,1916,1078,2162.5,166.67,53.56,none,usable
9999936_00000_d_0000030_original.jpg,9999936_00000_d_0000030.jpg,original,1916,1078,882.35,166.86,53.28,none,usable
9999936_00000_d_0000031_blur.jpg,9999936_00000_d_0000031.jpg,blur,1916,1078,9.13,164.49,48.76,blurry,not_usable
9999936_00000_d_0000031_bright.jpg,9999936_00000_d_0000031.jpg,bright,1916,1078,763.86,235.86,32.09,"overexposed, low_contrast",not_usable
9999936_00000_d_0000031_dark.jpg,9999936_00000_d_0000031.jpg,dark,1916,1078,939.44,135.91,45.25,none,usable
9999936_00000_d_0000031_lowcontrast.jpg,9999936_00000_d_0000031.jpg,lowcontrast,1916,1078,179.4,164.72,18.14,low_contrast,not_usable
9999936_00000_d_0000031_noise.jpg,9999936_00000_d_0000031.jpg,noise,1916,1078,1762.21,164.34,52.46,none,usable
9999936_00000_d_0000031_original.jpg,9999936_00000_d_0000031.jpg,original,1916,1078,1298.25,164.47,52.45,none,usable
9999936_00000_d_0000032_blur.jpg,9999936_00000_d_0000032.jpg,blur,1916,1078,3.12,153.53,60.26,blurry,not_usable
9999936_00000_d_0000032_bright.jpg,9999936_00000_d_0000032.jpg,bright,1916,1078,1540.6,195.32,52.48,none,usable
9999936_00000_d_0000032_dark.jpg,9999936_00000_d_0000032.jpg,dark,1916,1078,1071.11,109.71,52.79,none,usable
9999936_00000_d_0000032_lowcontrast.jpg,9999936_00000_d_0000032.jpg,lowcontrast,1916,1078,616.23,153.71,40.1,none,usable
9999936_00000_d_0000032_noise.jpg,9999936_00000_d_0000032.jpg,noise,1916,1078,2225.8,153.24,64.88,none,usable
9999936_00000_d_0000032_original.jpg,9999936_00000_d_0000032.jpg,original,1916,1078,1645.57,153.52,65.07,none,usable
9999936_00000_d_0000033_blur.jpg,9999936_00000_d_0000033.jpg,blur,1916,1078,7.99,170.9,44.49,blurry,not_usable
9999936_00000_d_0000033_bright.jpg,9999936_00000_d_0000033.jpg,bright,1916,1078,698.19,242.51,27.31,"overexposed, low_contrast",not_usable
9999936_00000_d_0000033_dark.jpg,9999936_00000_d_0000033.jpg,dark,1916,1078,672.86,129.17,38.43,none,usable
9999936_00000_d_0000033_lowcontrast.jpg,9999936_00000_d_0000033.jpg,lowcontrast,1916,1078,184.41,170.79,20.63,low_contrast,not_usable
9999936_00000_d_0000033_noise.jpg,9999936_00000_d_0000033.jpg,noise,1916,1078,2115.88,170.67,48.06,none,usable
9999936_00000_d_0000033_original.jpg,9999936_00000_d_0000033.jpg,original,1916,1078,1039.1,170.89,47.86,none,usable
9999936_00000_d_0000034_blur.jpg,9999936_00000_d_0000034.jpg,blur,1916,1078,13.99,167.92,47.37,blurry,not_usable
9999936_00000_d_0000034_bright.jpg,9999936_00000_d_0000034.jpg,bright,1916,1078,774.85,243.14,24.48,"overexposed, low_contrast",not_usable
9999936_00000_d_0000034_dark.jpg,9999936_00000_d_0000034.jpg,dark,1916,1078,701.8,100.92,35.39,none,usable
9999936_00000_d_0000034_lowcontrast.jpg,9999936_00000_d_0000034.jpg,lowcontrast,1916,1078,237.5,167.99,20.35,low_contrast,not_usable
9999936_00000_d_0000034_noise.jpg,9999936_00000_d_0000034.jpg,noise,1916,1078,2218.82,167.78,50.99,none,usable
9999936_00000_d_0000034_original.jpg,9999936_00000_d_0000034.jpg,original,1916,1078,1460.47,167.91,50.85,none,usable
9999936_00000_d_0000035_blur.jpg,9999936_00000_d_0000035.jpg,blur,1916,1078,3.42,170.44,45.08,blurry,not_usable
9999936_00000_d_0000035_bright.jpg,9999936_00000_d_0000035.jpg,bright,1916,1078,1233.41,236.75,36.2,overexposed,not_usable
9999936_00000_d_0000035_dark.jpg,9999936_00000_d_0000035.jpg,dark,1916,1078,719.61,108.82,35.89,none,usable
9999936_00000_d_0000035_lowcontrast.jpg,9999936_00000_d_0000035.jpg,lowcontrast,1916,1078,436.94,170.79,27.04,low_contrast,not_usable
9999936_00000_d_0000035_noise.jpg,9999936_00000_d_0000035.jpg,noise,1916,1078,1632.69,170.4,50.68,none,usable
9999936_00000_d_0000035_original.jpg,9999936_00000_d_0000035.jpg,original,1916,1078,1410.73,170.43,50.62,none,usable
9999936_00000_d_0000036_blur.jpg,9999936_00000_d_0000036.jpg,blur,1916,1078,4.15,171.29,58.1,blurry,not_usable
9999936_00000_d_0000036_bright.jpg,9999936_00000_d_0000036.jpg,bright,1916,1078,1144.09,205.35,54.44,overexposed,not_usable
9999936_00000_d_0000036_dark.jpg,9999936_00000_d_0000036.jpg,dark,1916,1078,716.63,126.34,49.71,none,usable
9999936_00000_d_0000036_lowcontrast.jpg,9999936_00000_d_0000036.jpg,lowcontrast,1916,1078,250.6,171.68,29.72,low_contrast,not_usable
9999936_00000_d_0000036_noise.jpg,9999936_00000_d_0000036.jpg,noise,1916,1078,1566.7,171.2,61.2,none,usable
9999936_00000_d_0000036_original.jpg,9999936_00000_d_0000036.jpg,original,1916,1078,1092.98,171.28,61.13,none,usable
9999936_00000_d_0000037_blur.jpg,9999936_00000_d_0000037.jpg,blur,1916,1078,3.17,165.62,53.46,blurry,not_usable
9999936_00000_d_0000037_bright.jpg,9999936_00000_d_0000037.jpg,bright,1916,1078,843.6,234.63,33.96,"overexposed, low_contrast",not_usable
9999936_00000_d_0000037_dark.jpg,9999936_00000_d_0000037.jpg,dark,1916,1078,734.82,125.07,47.31,none,usable
9999936_00000_d_0000037_lowcontrast.jpg,9999936_00000_d_0000037.jpg,lowcontrast,1916,1078,471.06,165.76,38.38,none,usable
9999936_00000_d_0000037_noise.jpg,9999936_00000_d_0000037.jpg,noise,1916,1078,1871.86,165.5,57.76,none,usable
9999936_00000_d_0000037_original.jpg,9999936_00000_d_0000037.jpg,original,1916,1078,1104.52,165.62,57.6,none,usable
9999936_00000_d_0000038_blur.jpg,9999936_00000_d_0000038.jpg,blur,1916,1078,3.51,172.39,57.03,blurry,not_usable
9999936_00000_d_0000038_bright.jpg,9999936_00000_d_0000038.jpg,bright,1916,1078,775.96,236.67,34.12,"overexposed, low_contrast",not_usable
9999936_00000_d_0000038_dark.jpg,9999936_00000_d_0000038.jpg,dark,1916,1078,649.16,125.56,48.53,none,usable
9999936_00000_d_0000038_lowcontrast.jpg,9999936_00000_d_0000038.jpg,lowcontrast,1916,1078,147.4,172.82,21.88,low_contrast,not_usable
9999936_00000_d_0000038_noise.jpg,9999936_00000_d_0000038.jpg,noise,1916,1078,1853.96,171.82,59.96,none,usable
9999936_00000_d_0000038_original.jpg,9999936_00000_d_0000038.jpg,original,1916,1078,1003.32,172.38,60.36,none,usable
9999936_00000_d_0000039_blur.jpg,9999936_00000_d_0000039.jpg,blur,1916,1078,3.33,170.45,49.54,blurry,not_usable
9999936_00000_d_0000039_bright.jpg,9999936_00000_d_0000039.jpg,bright,1916,1078,618.67,241.66,28.03,"overexposed, low_contrast",not_usable
9999936_00000_d_0000039_dark.jpg,9999936_00000_d_0000039.jpg,dark,1916,1078,798.32,135.7,44.93,none,usable
9999936_00000_d_0000039_lowcontrast.jpg,9999936_00000_d_0000039.jpg,lowcontrast,1916,1078,405.59,170.51,30.83,low_contrast,not_usable
9999936_00000_d_0000039_noise.jpg,9999936_00000_d_0000039.jpg,noise,1916,1078,1796.16,170.28,54.46,none,usable
9999936_00000_d_0000039_original.jpg,9999936_00000_d_0000039.jpg,original,1916,1078,1190.78,170.42,54.42,none,usable
9999936_00000_d_0000040_blur.jpg,9999936_00000_d_0000040.jpg,blur,1916,1078,6.13,148.07,59.42,blurry,not_usable
9999936_00000_d_0000040_bright.jpg,9999936_00000_d_0000040.jpg,bright,1916,1078,1535.74,213.76,48.27,overexposed,not_usable
9999936_00000_d_0000040_dark.jpg,9999936_00000_d_0000040.jpg,dark,1916,1078,1047.77,103.45,51.53,none,usable
9999936_00000_d_0000040_lowcontrast.jpg,9999936_00000_d_0000040.jpg,lowcontrast,1916,1078,560.55,148.36,36.64,none,usable
9999936_00000_d_0000040_noise.jpg,9999936_00000_d_0000040.jpg,noise,1916,1078,1932.56,147.97,62.91,none,usable
9999936_00000_d_0000040_original.jpg,9999936_00000_d_0000040.jpg,original,1916,1078,1590.15,148.06,62.9,none,usable
9999936_00000_d_0000041_blur.jpg,9999936_00000_d_0000041.jpg,blur,1916,1078,15.08,165.79,54.04,blurry,not_usable
9999936_00000_d_0000041_bright.jpg,9999936_00000_d_0000041.jpg,bright,1916,1078,1687.97,218.27,48.05,overexposed,not_usable
9999936_00000_d_0000041_dark.jpg,9999936_00000_d_0000041.jpg,dark,1916,1078,716.93,96.32,38.19,none,usable
9999936_00000_d_0000041_lowcontrast.jpg,9999936_00000_d_0000041.jpg,lowcontrast,1916,1078,250.54,165.98,21.1,low_contrast,not_usable
9999936_00000_d_0000041_noise.jpg,9999936_00000_d_0000041.jpg,noise,1916,1078,2941.21,165.48,57.61,none,usable
9999936_00000_d_0000041_original.jpg,9999936_00000_d_0000041.jpg,original,1916,1078,1691.38,165.77,57.47,none,usable
9999936_00000_d_0000042_blur.jpg,9999936_00000_d_0000042.jpg,blur,1916,1078,13.13,177.55,51.82,blurry,not_usable
9999936_00000_d_0000042_bright.jpg,9999936_00000_d_0000042.jpg,bright,1916,1078,998.19,227.65,41.03,overexposed,not_usable
9999936_00000_d_0000042_dark.jpg,9999936_00000_d_0000042.jpg,dark,1916,1078,879.18,140.6,44.94,none,usable
9999936_00000_d_0000042_lowcontrast.jpg,9999936_00000_d_0000042.jpg,lowcontrast,1916,1078,286.21,177.92,26.21,low_contrast,not_usable
9999936_00000_d_0000042_noise.jpg,9999936_00000_d_0000042.jpg,noise,1916,1078,1541.61,177.5,54.85,none,usable
9999936_00000_d_0000042_original.jpg,9999936_00000_d_0000042.jpg,original,1916,1078,1321.96,177.54,54.8,none,usable
9999936_00000_d_0000043_blur.jpg,9999936_00000_d_0000043.jpg,blur,1916,1078,2.88,170.16,49.73,blurry,not_usable
9999936_00000_d_0000043_bright.jpg,9999936_00000_d_0000043.jpg,bright,1916,1078,1771.07,217.3,48.09,overexposed,not_usable
9999936_00000_d_0000043_dark.jpg,9999936_00000_d_0000043.jpg,dark,1916,1078,831.44,109.22,37.64,none,usable
9999936_00000_d_0000043_lowcontrast.jpg,9999936_00000_d_0000043.jpg,lowcontrast,1916,1078,540.6,170.29,28.93,low_contrast,not_usable
9999936_00000_d_0000043_noise.jpg,9999936_00000_d_0000043.jpg,noise,1916,1078,2566.3,170.02,55.25,none,usable
9999936_00000_d_0000043_original.jpg,9999936_00000_d_0000043.jpg,original,1916,1078,1821.64,170.13,55.09,none,usable
9999936_00000_d_0000044_blur.jpg,9999936_00000_d_0000044.jpg,blur,1916,1078,20.54,165.44,61.71,blurry,not_usable
9999936_00000_d_0000044_bright.jpg,9999936_00000_d_0000044.jpg,bright,1916,1078,1495.92,231.52,39.11,overexposed,not_usable
9999936_00000_d_0000044_dark.jpg,9999936_00000_d_0000044.jpg,dark,1916,1078,951.96,103.97,47.85,none,usable
9999936_00000_d_0000044_lowcontrast.jpg,9999936_00000_d_0000044.jpg,lowcontrast,1916,1078,217.76,164.74,21.03,low_contrast,not_usable
9999936_00000_d_0000044_noise.jpg,9999936_00000_d_0000044.jpg,noise,1916,1078,2630.08,164.63,63.21,none,usable
9999936_00000_d_0000044_original.jpg,9999936_00000_d_0000044.jpg,original,1916,1078,1631.14,165.43,63.92,none,usable
9999936_00000_d_0000045_blur.jpg,9999936_00000_d_0000045.jpg,blur,1916,1078,3.43,171.01,46.47,blurry,not_usable
9999936_00000_d_0000045_bright.jpg,9999936_00000_d_0000045.jpg,bright,1916,1078,1475.17,232.11,40.95,overexposed,not_usable
9999936_00000_d_0000045_dark.jpg,9999936_00000_d_0000045.jpg,dark,1916,1078,1023.38,122.09,41.87,none,usable
9999936_00000_d_0000045_lowcontrast.jpg,9999936_00000_d_0000045.jpg,lowcontrast,1916,1078,737.05,170.98,35.27,none,usable
9999936_00000_d_0000045_noise.jpg,9999936_00000_d_0000045.jpg,noise,1916,1078,2812.86,170.83,51.16,none,usable
9999936_00000_d_0000045_original.jpg,9999936_00000_d_0000045.jpg,original,1916,1078,1536.4,170.99,50.8,none,usable
9999936_00000_d_0000046_blur.jpg,9999936_00000_d_0000046.jpg,blur,1916,1078,19.72,180.99,39.9,blurry,not_usable
9999936_00000_d_0000046_bright.jpg,9999936_00000_d_0000046.jpg,bright,1916,1078,508.6,249.4,17.23,"overexposed, low_contrast",not_usable
9999936_00000_d_0000046_dark.jpg,9999936_00000_d_0000046.jpg,dark,1916,1078,870.65,115.62,31.18,low_contrast,not_usable
9999936_00000_d_0000046_lowcontrast.jpg,9999936_00000_d_0000046.jpg,lowcontrast,1916,1078,539.87,181.06,24.05,low_contrast,not_usable
9999936_00000_d_0000046_noise.jpg,9999936_00000_d_0000046.jpg,noise,1916,1078,2683.33,180.8,43.46,none,usable
9999936_00000_d_0000046_original.jpg,9999936_00000_d_0000046.jpg,original,1916,1078,1602.39,180.98,43.14,none,usable
9999936_00000_d_0000047_blur.jpg,9999936_00000_d_0000047.jpg,blur,1916,1078,3.25,178.78,42.34,blurry,not_usable
9999936_00000_d_0000047_bright.jpg,9999936_00000_d_0000047.jpg,bright,1916,1078,862.16,245.38,20.96,"overexposed, low_contrast",not_usable
9999936_00000_d_0000047_dark.jpg,9999936_00000_d_0000047.jpg,dark,1916,1078,1455.74,152.57,42.55,none,usable
9999936_00000_d_0000047_lowcontrast.jpg,9999936_00000_d_0000047.jpg,lowcontrast,1916,1078,752.96,178.47,31.33,low_contrast,not_usable
9999936_00000_d_0000047_noise.jpg,9999936_00000_d_0000047.jpg,noise,1916,1078,2885.28,178.59,47.72,none,usable
9999936_00000_d_0000047_original.jpg,9999936_00000_d_0000047.jpg,original,1916,1078,1803.14,178.76,47.36,none,usable
9999936_00000_d_0000048_blur.jpg,9999936_00000_d_0000048.jpg,blur,1916,1078,16.43,166.31,55.19,blurry,not_usable
9999936_00000_d_0000048_bright.jpg,9999936_00000_d_0000048.jpg,bright,1916,1078,2181.48,225.45,44.46,overexposed,not_usable
9999936_00000_d_0000048_dark.jpg,9999936_00000_d_0000048.jpg,dark,1916,1078,1451.5,120.5,48.47,none,usable
9999936_00000_d_0000048_lowcontrast.jpg,9999936_00000_d_0000048.jpg,lowcontrast,1916,1078,307.67,165.74,20.6,low_contrast,not_usable
9999936_00000_d_0000048_noise.jpg,9999936_00000_d_0000048.jpg,noise,1916,1078,3298.44,166.18,59.38,none,usable
9999936_00000_d_0000048_original.jpg,9999936_00000_d_0000048.jpg,original,1916,1078,2197.68,166.29,59.09,none,usable
9999936_00000_d_0000049_blur.jpg,9999936_00000_d_0000049.jpg,blur,1916,1078,9.11,166.92,51.3,blurry,not_usable
9999936_00000_d_0000049_bright.jpg,9999936_00000_d_0000049.jpg,bright,1916,1078,1061.92,240.14,30.28,"overexposed, low_contrast",not_usable
9999936_00000_d_0000049_dark.jpg,9999936_00000_d_0000049.jpg,dark,1916,1078,1046.43,125.89,45.72,none,usable
9999936_00000_d_0000049_lowcontrast.jpg,9999936_00000_d_0000049.jpg,lowcontrast,1916,1078,173.84,167.07,17.03,low_contrast,not_usable
9999936_00000_d_0000049_noise.jpg,9999936_00000_d_0000049.jpg,noise,1916,1078,2320.31,166.83,55.19,none,usable
9999936_00000_d_0000049_original.jpg,9999936_00000_d_0000049.jpg,original,1916,1078,1552.27,166.91,54.97,none,usable
9999936_00000_d_0000050_blur.jpg,9999936_00000_d_0000050.jpg,blur,1916,1078,2.46,164.19,44.56,blurry,not_usable
9999936_00000_d_0000050_bright.jpg,9999936_00000_d_0000050.jpg,bright,1916,1078,606.05,239.39,31.91,"overexposed, low_contrast",not_usable
9999936_00000_d_0000050_dark.jpg,9999936_00000_d_0000050.jpg,dark,1916,1078,539.4,127.34,39.63,none,usable
9999936_00000_d_0000050_lowcontrast.jpg,9999936_00000_d_0000050.jpg,lowcontrast,1916,1078,130.5,164.52,19.01,low_contrast,not_usable
9999936_00000_d_0000050_noise.jpg,9999936_00000_d_0000050.jpg,noise,1916,1078,2133.78,164.11,49.0,none,usable
9999936_00000_d_0000050_original.jpg,9999936_00000_d_0000050.jpg,original,1916,1078,813.35,164.18,48.45,none,usable
